Route,7_1_2005_WK,8_1_2005_WK,9_1_2005_WK,10_1_2005_WK,11_1_2005_WK,12_1_2005_WK,1_1_2006_WK,2_1_2006_WK,3_1_2006_WK,4_1_2006_WK,5_1_2006_WK,6_1_2006_WK,7_1_2006_WK,8_1_2006_WK,9_1_2006_WK,10_1_2006_WK,11_1_2006_WK,12_1_2006_WK,1_1_2007_WK,2_1_2007_WK,3_1_2007_WK,4_1_2007_WK,5_1_2007_WK,6_1_2007_WK,7_1_2007_WK,8_1_2007_WK,9_1_2007_WK,10_1_2007_WK,11_1_2007_WK,12_1_2007_WK,1_1_2008_WK,2_1_2008_WK,3_1_2008_WK,4_1_2008_WK,5_1_2008_WK,6_1_2008_WK,7_1_2008_WK,8_1_2008_WK,9_1_2008_WK,10_1_2008_WK,11_1_2008_WK,12_1_2008_WK,1_1_2009_WK,2_1_2009_WK,3_1_2009_WK,4_1_2009_WK,5_1_2009_WK,6_1_2009_WK,7_1_2009_WK,8_1_2009_WK,9_1_2009_WK,10_1_2009_WK,11_1_2009_WK,12_1_2009_WK,1_1_2010_WK,2_1_2010_WK,3_1_2010_WK,4_1_2010_WK,5_1_2010_WK,6_1_2010_WK,7_1_2010_WK,8_1_2010_WK,9_1_2010_WK,10_1_2010_WK,11_1_2010_WK,12_1_2010_WK,1_1_2011_WK,2_1_2011_WK,3_1_2011_WK,4_1_2011_WK,5_1_2011_WK,6_1_2011_WK,7_1_2011_WK,8_1_2011_WK,9_1_2011_WK,10_1_2011_WK,11_1_2011_WK,12_1_2011_WK,1_1_2012_WK,2_1_2012_WK,3_1_2012_WK,4_1_2012_WK,5_1_2012_WK,6_1_2012_WK,7_1_2012_WK,8_1_2012_WK,9_1_2012_WK,10_1_2012_WK,11_1_2012_WK,12_1_2012_WK,1_1_2013_WK,2_1_2013_WK,3_1_2013_WK,4_1_2013_WK,5_1_2013_WK,6_1_2013_WK,7_1_2013_WK,8_1_2013_WK,9_1_2013_WK,10_1_2013_WK,11_1_2013_WK,12_1_2013_WK,1_1_2014_WK,2_1_2014_WK,3_1_2014_WK,4_1_2014_WK,5_1_2014_WK,6_1_2014_WK,7_1_2014_WK,8_1_2014_WK,9_1_2014_WK,10_1_2014_WK,11_1_2014_WK,12_2_2014_WK,1_2_2015_WK,2_1_2015_WK,3_3_2015_WK,4_1_2015_WK,5_1_2015_WK,6_1_2015_WK,7_1_2015_WK,8_1_2015_WK,9_1_2015_WK,10_1_2015_WK,11_1_2015_WK,12_1_2015_WK,1_1_2016_WK,2_1_2016_WK,3_1_2016_WK,4_1_2016_WK,5_1_2016_WK,6_1_2016_WK,7_1_2016_WK,8_1_2016_WK,9_1_2016_WK,10_1_2016_WK,11_1_2016_WK,12_1_2016_WK,1_1_2017_WK,2_1_2017_WK,3_1_2017_WK,4_1_2017_WK,5_1_2017_WK,6_1_2017_WK,7_1_2017_WK,8_1_2017_WK,9_1_2017_WK,10_1_2017_WK,11_1_2017_WK,12_1_2017_WK,1_1_2018_WK,2_1_2018_WK,3_1_2018_WK,4_1_2018_WK,5_1_2018_WK,6_1_2018_WK,7_1_2018_WK,8_1_2018_WK,9_1_2018_WK,10_1_2018_WK,11_1_2018_WK,12_1_2018_WK,1_1_2019_WK,2_1_2019_WK,3_1_2019_WK,4_1_2019_WK,5_1_2019_WK,6_1_2019_WK,7_1_2019_WK,8_1_2019_WK,9_1_2019_WK,10_1_2019_WK,11_1_2019_WK,7_1_2005_SAT,8_1_2005_SAT,9_1_2005_SAT,10_1_2005_SAT,11_1_2005_SAT,12_1_2005_SAT,1_1_2006_SAT,2_1_2006_SAT,3_1_2006_SAT,4_1_2006_SAT,5_1_2006_SAT,6_1_2006_SAT,7_1_2006_SAT,8_1_2006_SAT,9_1_2006_SAT,10_1_2006_SAT,11_1_2006_SAT,12_1_2006_SAT,1_1_2007_SAT,2_1_2007_SAT,3_1_2007_SAT,4_1_2007_SAT,5_1_2007_SAT,6_1_2007_SAT,7_1_2007_SAT,8_1_2007_SAT,9_1_2007_SAT,10_1_2007_SAT,11_1_2007_SAT,12_1_2007_SAT,1_1_2008_SAT,2_1_2008_SAT,3_1_2008_SAT,4_1_2008_SAT,5_1_2008_SAT,6_1_2008_SAT,7_1_2008_SAT,8_1_2008_SAT,9_1_2008_SAT,10_1_2008_SAT,11_1_2008_SAT,12_1_2008_SAT,1_1_2009_SAT,2_1_2009_SAT,3_1_2009_SAT,4_1_2009_SAT,5_1_2009_SAT,6_1_2009_SAT,7_1_2009_SAT,8_1_2009_SAT,9_1_2009_SAT,10_1_2009_SAT,11_1_2009_SAT,12_1_2009_SAT,1_1_2010_SAT,2_1_2010_SAT,3_1_2010_SAT,4_1_2010_SAT,5_1_2010_SAT,6_1_2010_SAT,7_1_2010_SAT,8_1_2010_SAT,9_1_2010_SAT,10_1_2010_SAT,11_1_2010_SAT,12_1_2010_SAT,1_1_2011_SAT,2_1_2011_SAT,3_1_2011_SAT,4_1_2011_SAT,5_1_2011_SAT,6_1_2011_SAT,7_1_2011_SAT,8_1_2011_SAT,9_1_2011_SAT,10_1_2011_SAT,11_1_2011_SAT,12_1_2011_SAT,1_1_2012_SAT,2_1_2012_SAT,3_1_2012_SAT,4_1_2012_SAT,5_1_2012_SAT,6_1_2012_SAT,7_1_2012_SAT,8_1_2012_SAT,9_1_2012_SAT,10_1_2012_SAT,11_1_2012_SAT,12_1_2012_SAT,1_1_2013_SAT,2_1_2013_SAT,3_1_2013_SAT,4_1_2013_SAT,5_1_2013_SAT,6_1_2013_SAT,7_1_2013_SAT,8_1_2013_SAT,9_1_2013_SAT,10_1_2013_SAT,11_1_2013_SAT,12_1_2013_SAT,1_1_2014_SAT,2_1_2014_SAT,3_1_2014_SAT,4_1_2014_SAT,5_1_2014_SAT,6_1_2014_SAT,7_1_2014_SAT,8_1_2014_SAT,9_1_2014_SAT,10_1_2014_SAT,11_2_2014_SAT,12_1_2014_SAT,1_1_2015_SAT,2_1_2015_SAT,3_1_2015_SAT,4_1_2015_SAT,5_1_2015_SAT,6_1_2015_SAT,7_1_2015_SAT,8_1_2015_SAT,9_1_2015_SAT,10_1_2015_SAT,11_1_2015_SAT,12_1_2015_SAT,1_1_2016_SAT,2_1_2016_SAT,3_1_2016_SAT,4_1_2016_SAT,5_1_2016_SAT,6_1_2016_SAT,7_1_2016_SAT,8_1_2016_SAT,9_1_2016_SAT,10_1_2016_SAT,11_1_2016_SAT,12_1_2016_SAT,1_1_2017_SAT,2_1_2017_SAT,3_1_2017_SAT,4_1_2017_SAT,5_1_2017_SAT,6_1_2017_SAT,7_1_2017_SAT,8_1_2017_SAT,9_1_2017_SAT,10_1_2017_SAT,11_1_2017_SAT,12_1_2017_SAT,1_1_2018_SAT,2_1_2018_SAT,3_1_2018_SAT,4_1_2018_SAT,5_1_2018_SAT,6_1_2018_SAT,7_1_2018_SAT,8_1_2018_SAT,9_1_2018_SAT,10_1_2018_SAT,11_1_2018_SAT,12_1_2018_SAT,1_1_2019_SAT,2_1_2019_SAT,3_1_2019_SAT,4_1_2019_SAT,5_1_2019_SAT,6_1_2019_SAT,7_1_2019_SAT,8_1_2019_SAT,9_1_2019_SAT,10_1_2019_SAT,11_1_2019_SAT,7_1_2005_SUN,8_1_2005_SUN,9_1_2005_SUN,10_1_2005_SUN,11_1_2005_SUN,12_1_2005_SUN,1_1_2006_SUN,2_1_2006_SUN,3_1_2006_SUN,4_1_2006_SUN,5_1_2006_SUN,6_1_2006_SUN,7_1_2006_SUN,8_1_2006_SUN,9_1_2006_SUN,10_1_2006_SUN,11_1_2006_SUN,12_1_2006_SUN,1_1_2007_SUN,2_1_2007_SUN,3_1_2007_SUN,4_1_2007_SUN,5_1_2007_SUN,6_1_2007_SUN,7_1_2007_SUN,8_1_2007_SUN,9_1_2007_SUN,10_1_2007_SUN,11_1_2007_SUN,12_1_2007_SUN,1_1_2008_SUN,2_1_2008_SUN,3_1_2008_SUN,4_1_2008_SUN,5_1_2008_SUN,6_1_2008_SUN,7_1_2008_SUN,8_1_2008_SUN,9_1_2008_SUN,10_1_2008_SUN,11_1_2008_SUN,12_1_2008_SUN,1_1_2009_SUN,2_1_2009_SUN,3_1_2009_SUN,4_1_2009_SUN,5_1_2009_SUN,6_1_2009_SUN,7_1_2009_SUN,8_1_2009_SUN,9_1_2009_SUN,10_1_2009_SUN,11_1_2009_SUN,12_1_2009_SUN,1_1_2010_SUN,2_1_2010_SUN,3_1_2010_SUN,4_1_2010_SUN,5_1_2010_SUN,6_1_2010_SUN,7_1_2010_SUN,8_1_2010_SUN,9_1_2010_SUN,10_1_2010_SUN,11_1_2010_SUN,12_1_2010_SUN,1_1_2011_SUN,2_1_2011_SUN,3_1_2011_SUN,4_1_2011_SUN,5_1_2011_SUN,6_1_2011_SUN,7_1_2011_SUN,8_1_2011_SUN,9_1_2011_SUN,10_1_2011_SUN,11_1_2011_SUN,12_1_2011_SUN,1_1_2012_SUN,2_1_2012_SUN,3_1_2012_SUN,4_1_2012_SUN,5_1_2012_SUN,6_1_2012_SUN,7_1_2012_SUN,8_1_2012_SUN,9_1_2012_SUN,10_1_2012_SUN,11_1_2012_SUN,12_1_2012_SUN,1_1_2013_SUN,2_1_2013_SUN,3_1_2013_SUN,4_1_2013_SUN,5_1_2013_SUN,6_1_2013_SUN,7_1_2013_SUN,8_1_2013_SUN,9_1_2013_SUN,10_1_2013_SUN,11_1_2013_SUN,12_1_2013_SUN,1_1_2014_SUN,2_1_2014_SUN,3_1_2014_SUN,4_1_2014_SUN,5_1_2014_SUN,6_1_2014_SUN,7_1_2014_SUN,8_1_2014_SUN,9_1_2014_SUN,10_1_2014_SUN,11_2_2014_SUN,12_1_2014_SUN,1_1_2015_SUN,2_1_2015_SUN,3_1_2015_SUN,4_1_2015_SUN,5_1_2015_SUN,6_1_2015_SUN,7_1_2015_SUN,8_1_2015_SUN,9_1_2015_SUN,10_1_2015_SUN,11_1_2015_SUN,12_1_2015_SUN,1_1_2016_SUN,2_1_2016_SUN,3_1_2016_SUN,4_1_2016_SUN,5_1_2016_SUN,6_1_2016_SUN,7_1_2016_SUN,8_1_2016_SUN,9_1_2016_SUN,10_1_2016_SUN,11_1_2016_SUN,12_1_2016_SUN,1_1_2017_SUN,2_1_2017_SUN,3_1_2017_SUN,4_1_2017_SUN,5_1_2017_SUN,6_1_2017_SUN,7_1_2017_SUN,8_1_2017_SUN,9_1_2017_SUN,10_1_2017_SUN,11_17_2017_SUN,12_1_2017_SUN,1_1_2018_SUN,2_1_2018_SUN,3_1_2018_SUN,4_1_2018_SUN,5_1_2018_SUN,6_1_2018_SUN,7_1_2018_SUN,8_1_2018_SUN,9_1_2018_SUN,10_1_2018_SUN,11_1_2018_SUN,12_1_2018_SUN,1_1_2019_SUN,2_1_2019_SUN,_SUN,4_1_2019_SUN,5_1_2019_SUN,6_1_2019_SUN,7_1_2019_SUN,8_1_2019_SUN,9_1_2019_SUN,10_1_2019_SUN,11_1_2019_SUN,FID
10,1470,1365,1352,1306,1312,1268,1289,1267,1215,1291,1370,1361,1400,1515,1343,1358,1401,1339,1165,1193,1266,1380,1359,1327,1486,1441,1458,1265,1408,1252,1059,1030,1054,1111,1311,1281,1306,1284,1306,1178,1239,1103,1070,1004,1127,1050,1077,1195,1174,1305,1210,1154,1187,1053,1090,1097,1055,1062,1252,1124,1156,1160,1133,1213,1163,1059,1094.5,897,927,1068,1133,1152,1189,1136,1162,1157,1162,1104,1000,933,1035,1101,1103,1157,1136,1133,1193,1122,1178,1066,1041,1046,1115,1197,1240,1236,1244,1252,1211,1208,1240,1261,1159,1156,1251,1218,1308,1343,1326,1386,1342,1301,1289,1268,1283,1325,1363,1322,1421,1465,1510,1477,1486,1511,1450,1316,1271,1270,1268,1264,1297,1287,1316,1309,1206,1194,1249,1132,1039,1022,1105,1112,1145,1208,1219,1182,1179,1199,1153,1053,967,979,965,1026,1075,1130,1095.79232386961,1121,1214,1131,1132,1008,926,957,1063.09523809524,1064,1101,1089,1081,1121,1174,1180,1203,990,1094,991,871,857,835,811,891,1024,807,955,1009,909,989,1072,858,1170,977,826,899,981,1063,1125,1047,1044,1131,866,1001,1140,1007,687,626,739,708,893,890,906,924,924,730,990,748,691,760,894,692,716,759,691,892,893,825,910,887,791,687,932,790,891,858,1031,1003,835,799,872,885,719,664,810,812,851,900,788,763,743,714,847,685,695,574,697,695,684,721,715,803,734,752,937,719,708,686,745,756,806,802,790,794,743,756,854,815,749,722,865,779,766,809,898,925,784,752,877,831,799,826,949,977,1016,933,1164,1013,1414,1020,1116,855,1555,882,794,950,977,914,875,713,1036,735,736,663,567,606,876,724,867,938,781,874,843,700,770,655,606,504,738,678,778,698,764,836,682,745,662,555,513,519,715.8,609,697,679,660,803,626,614,658,1152,1048,1045,963,1053,938,989,823,893,1264,1127,1086,1046,1011,1067,1036,1323,888,978,889,1018,1202,1203,982,1130,1134,1163,1357,1651,942,993.6,757,758,909,802,953,804.4,985,1066,1147,1188,753,939,801,1101,985,946,815,831,821,858,895,821,731,866,781,1084,805,937,897,1012,920,865,910,940,824,733,726,864,895,888,1027,889,733,789,756,946,626,732,574,631,900,756,816,873,784,751,795,938,632,814,675,791,829,958,961,1022,831,863,815,784,938,836,819,904,811,810,911,1212,984,978,937,1036,811,950,833,1154,1123,1095,1222,1316,1234,1245,1264,1342,876,1517,1039,1127,870,864,914,1316,729,757,783,877,691,614,546,1127,741,816,754,789,816,824,861,1039,680,766,597,581,675,746,669,696.652,716,589,654,725,697.5,537,554,644.8,658,661,633,648,627.75,673,684.5,695,1
11,0,0,0,0,0,0,0,0,0,0,0,0,0,0,0,0,0,0,0,0,0,0,0,0,0,0,0,0,0,0,63,102,115,115,142,154,276,116,128,133,124,121,109,114,120,106,116,116,115,117,120,109,111,111,87,93,106,101,123,96,102,107,111,127,128,114,124,138,137,152,153,146,151,161,170,171,156,149,130,142,149,166,149,141,23,0,0,0,0,0,0,0,0,0,0,0,0,0,0,0,0,0,0,0,0,0,0,0,0,0,0,0,0,0,0,0,0,0,0,0,0,0,0,0,0,0,0,0,0,0,0,0,0,0,0,0,0,0,0,0,0,0,0,0,0,0,0,0,0,0,0,0,0,0,0,0,0,0,0,0,0,0,0,0,0,0,0,0,0,0,0,0,0,0,0,0,0,0,0,0,0,0,0,0,0,0,0,0,0,0,0,0,0,0,0,0,0,0,0,0,0,0,0,34,53,78,59,66,85,109,59,60,70,67,64,68,71,70,58,56,72,73,62,76,53,49,51,26,0,0,0,0,0,0,0,0,0,0,0,0,0,0,0,0,0,0,0,0,0,0,0,0,0,0,0,0,0,0,0,0,0,0,0,0,0,0,0,0,0,0,0,0,0,0,0,0,0,0,0,0,0,0,0,0,0,0,0,0,0,0,0,0,0,0,0,0,0,0,0,0,0,0,0,0,0,0,0,0,0,0,0,0,0,0,0,0,0,0,0,0,0,0,0,0,0,0,0,0,0,0,0,0,0,0,0,0,0,0,0,0,0,0,0,0,0,0,0,0,0,0,0,0,0,0,0,0,0,0,0,0,0,0,0,0,0,0,0,0,0,0,0,0,0,0,0,0,0,0,0,0,0,0,0,0,0,0,0,0,0,0,0,0,0,0,0,0,0,0,0,0,0,0,0,0,0,0,0,0,0,0,0,0,0,0,0,0,0,0,0,0,0,0,0,0,0,0,0,0,0,0,0,0,0,0,0,0,0,0,0,0,0,0,0,0,0,0,0,0,0,0,0,0,0,0,0,0,0,0,0,0,0,0,0,0,0,0,0,0,0,0,0,0,0,0,0,0,0,0,0,0,0,0,0,0,0,0,0,0,0,0,0,0,0,0,0,0,0,0,0,0,0,0,0,0,0,0,0,0,0,0,0,0,0,0,0,0,0,0,0,2
12,0,0,0,0,0,0,0,0,0,0,0,0,0,0,0,0,0,0,0,0,0,0,0,0,0,0,0,0,0,0,0,0,0,0,0,0,0,0,0,0,0,0,0,0,0,0,0,0,0,0,0,0,0,0,0,0,0,0,0,0,0,0,0,0,0,0,0,0,0,0,0,0,0,0,0,0,0,0,0,0,0,0,0,0,0,0,0,0,0,0,0,0,0,0,0,0,0,0,0,0,0,0,0,0,0,0,0,0,0,0,0,0,0,0,0,0,0,0,0,0,0,0,0,0,0,0,0,0,0,0,0,0,0,0,0,0,0,0,0,0,0,0,0,0,0,0,0,0,0,0,0,0,0,0,0,0,0,0,0,0,0,0,0,0,0,0,0,0,0,0,0,0,0,779,820,916,891,930,814,624,1025,967,742,1181,810,823,884,1019,961,918,819,918,786,1049,766,899,738,797,889,834,846,751,816,569,753,837,936,858,811,845,877,877,850,907,912,774,699,857,879,829,798,822,767,767,857,809,710,741,613,754,888,968,725,683,834,837,789,732,666,771,775,855,828,854,827,818,877,880,821,693,746,703,886,671,806,811,726,803,777,824,801,632,659,859,773,832,800,880,725,792,863,675,824,739,721,745,687,775,819,795,648,521,599,540,550,400,513,701,699,806,768,752,692,725,718,740,671,697,604,513,443,577,648,602,542,550,563,601,650,463,469,454,469,579,547,571,535,541,562,550,614,564,603,543,561,469,556,570,527,535,486,542,580,537,432,579,429,492.6,532,534,532,472,547,530,561,494,1028,1075,1035,1225,1028,1002,695,944,956,966,899,1049,827,1148,915,1103,899,810,783,751,925,1041,888,1061,979,1002,1064,1175,857,898,621.2,799,1073,1113,983,1084,870.4,1050,1044,1088,996,896,614,691,732,938,761,848,825,1229,1073,983,642,626,618,787,936,706,879,769,643,921,824,751,668,510,669,928,767,796,734,874,830,1080,896,948,684,768,673,962,844,853,719,861,918,884,865,876,792,514,729,977,957,933,695,912,741,960,767,949,885,721,792,677,812,833,827,774,589,555,540,492,443,507,599,668,841,823,799,813,803,773,734,782,703,515,583,941,677,656,706,542,803,589,544,454,467,456,401,435,677,575,480,537,585,613,650,657,449,497,456,590,578.75,567,513,576,516.375,616,525,641,648,544,496,494,510,682,482,610,589,729.5,660,607,592,3
13,201,222,282,300,266,190,263,287,242,254,275,250,210,234,302,244,241,221,221,253,239,258,236,230,203,199,259,240,234,226,233,298,248,264,270,281,425,243,316,276,299,256,286,270,308,233,269,225,223,228,228,250,184,205,56,148,185,185,204,129,124,166,211,198,181,161,205.5,199,231,215,211,154,147,162,188,219,194,164,174,177,177,167,194,145,146,175,195,193,172,159,169,192,205,175,197,141,138,185,190,179,193,141,166,156,172,159,160,134,140,151,174,164,163,126,171,180,188,171,189,151,141,179,198,207,201,175,194,188,192,184,205,161,142,159,192,185,186,217,156,143,158,172,162,147,133,151,173,174,159,146,161,141,127,115,143,122,108.996212121212,149,172,174,133,145,142,151,166.238095238095,149,158,144,116,149,135,137,124,80,100,100,70,47,47,48,81,70,70,63,97,104,77,85,91,74,68,84,93,65,53,89,102,104,104,82,82,67,75,47,66,40,72,84,105,152,58,54,41,93,94,79,85,89,87,92,50,129,68,65,59,55,62,23,0,0,0,0,0,0,0,0,0,0,0,0,0,0,0,0,0,0,0,0,0,0,0,0,0,0,0,0,0,0,0,0,0,0,0,0,0,0,0,0,0,0,0,0,0,0,0,0,0,0,0,0,0,0,0,0,0,0,0,0,0,0,0,0,0,0,0,0,0,0,0,0,0,0,0,0,0,0,0,0,0,0,0,0,0,0,0,0,0,0,0,0,0,0,0,0,0,0,0,0,0,0,0,0,0,0,0,0,0,0,0,0,0,0,0,0,0,0,54,80,80,61,69,45,82,80,80,77,120,120,77,59,79,43,63,62,57,56,79,75,96,75,68,80,56,51,84,48,58.4,43,32,65,64,71,50.4,50,55,48,49,46,63,47,36,69,57,38,53,62,53,44,50,48,50,0,0,0,0,0,0,0,0,0,0,0,0,0,0,0,0,0,0,0,0,0,0,0,0,0,0,0,0,0,0,0,0,0,0,0,0,0,0,0,0,0,0,0,0,0,0,0,0,0,0,0,0,0,0,0,0,0,0,0,0,0,0,0,0,0,0,0,0,0,0,0,0,0,0,0,0,0,0,0,0,0,0,0,0,0,0,0,0,0,0,0,0,0,0,0,0,0,0,0,0,0,0,0,0,0,0,0,0,0,0,0,0,0,0,0,0,0,0,4
14,0,0,0,0,0,0,0,0,0,0,0,0,0,0,0,0,0,0,0,0,0,0,0,0,51,49.7,53,59,55,121,62,77,72,87,78,92,178,89,107,104,99,108,77,88,79,84,83,82,168,202,168,182,189,192,168,167,160,150,209,166,180,176,180,188,180,170,170,172,163,186,172,168,185,187,178,179,180,178,163,173,176,170,175,186,185,179,185,184,173,189,158,175,191,195,173,182,175,180,182,176,170,176,154,140,149,153,170,166,151,159,176,169,172,165,169,156,172,176,183,164,171,171,183,177,178,175,133,144,131,134,140,133,145,145,141,143,134,139,116,119,131,133,137,134,140,140,132,138,143,146,143,113,110,115,116,118,103.298507462687,105,106,109,105,127,119,104,106.428571428571,130,118,117,110,105,125,139,134,0,0,0,0,0,0,0,0,0,0,0,0,0,0,0,0,0,0,0,0,0,0,0,0,60,46,28,42,62,48,60,69,42,71,86,66,152,104,92,89,77,85,69,71,59,80,65,52,111,98,99,84,94,132,101,103,80,95,109,92,115,96,107,100,106,94,111,91,80,92,87,92,106,99,115,108,121,115,99,97,83,98,103,123,101,114,107,114,129,91,91,103,94,123,99,71,78,103,76,79,91,83,77,88,63,78,83,67,69,81,87,86,83,64,107,74,82,103,87,114,61,87,97,92,113,95,66,64,69,73,64,54,79,74,59,77,83,63,74,71,69,74,77,98,69,76,84,96,83,79,78,86,65,64,68,53,54,85,76,63,68,68,66,52,47.6,73,62,57,42,49,61,71,60,0,0,0,0,0,0,0,0,0,0,0,0,0,0,0,0,0,0,0,0,0,0,0,0,33,51,54,38,41,37,45.2,49,46,63,44,62,64,67,56,64,59,51,58,39,38,60,49,38,58,58,77,45,57,62,52,58,72,51,81,70,63,72,67,61,41,46,75,76,62,78,64,59,79,79,84,72,67,70,73,59,76,83,80,78,73,81,52,77,62,61,64,83,72,62,65,65,66,81,70,77,60,61,65,59,62,60,67,60,83,88,60,71,57,57,73,59,66,64,69,88,81,86,86,94,93,70,59,54,64,56,59,54,81,64,63,55,62,60,60,69,64,62,53,70,75,79,73,75,63,71,60,58,59.75,52,58,60,61.6585365853659,52,60,63,65,72.8333333333333,54,48,45.2,73,60,44,56,40,53,54.75,57,5
15,61,55,60,51,52,31,27,33,53,43,51,52,50,53,50,44,51,61,33,38,46,48,54,36,45,48.1,62,57.4,56,47,60,60,72,75,75,105,103,71,88,80,65,61,61,67,86,66,65,62,29,0,0,0,0,0,0,0,0,0,0,0,0,0,0,0,0,0,0,0,0,0,0,0,0,0,0,0,0,0,0,0,0,0,0,0,0,0,0,0,0,0,0,0,0,0,0,0,0,0,0,0,0,0,0,0,0,0,0,0,0,0,0,0,0,0,0,0,0,0,0,0,0,0,0,0,0,0,0,0,0,0,0,0,0,0,0,0,0,0,0,0,0,0,0,0,0,0,0,0,0,0,0,0,0,0,0,0,0,0,0,0,0,0,0,0,0,0,0,0,0,0,0,0,0,0,0,0,0,0,0,0,0,0,0,0,0,0,0,0,0,0,0,0,0,0,0,0,0,0,0,0,0,0,0,0,0,0,0,0,0,0,0,0,0,0,0,0,0,0,0,0,0,0,0,0,0,0,0,0,0,0,0,0,0,0,0,0,0,0,0,0,0,0,0,0,0,0,0,0,0,0,0,0,0,0,0,0,0,0,0,0,0,0,0,0,0,0,0,0,0,0,0,0,0,0,0,0,0,0,0,0,0,0,0,0,0,0,0,0,0,0,0,0,0,0,0,0,0,0,0,0,0,0,0,0,0,0,0,0,0,0,0,0,0,0,0,0,0,0,0,0,0,0,0,0,0,0,0,0,0,0,0,0,0,0,0,0,0,0,0,0,0,0,0,0,0,0,0,0,0,0,0,0,0,0,0,0,0,0,0,0,0,0,0,0,0,0,0,0,0,0,0,0,0,0,0,0,0,0,0,0,0,0,0,0,0,0,0,0,0,0,0,0,0,0,0,0,0,0,0,0,0,0,0,0,0,0,0,0,0,0,0,0,0,0,0,0,0,0,0,0,0,0,0,0,0,0,0,0,0,0,0,0,0,0,0,0,0,0,0,0,0,0,0,0,0,0,0,0,0,0,0,0,0,0,0,0,0,0,0,0,0,0,0,0,0,0,0,0,0,0,0,0,0,0,0,0,0,0,0,0,0,0,0,0,0,0,0,0,0,0,0,0,0,0,0,0,0,0,0,0,0,0,0,0,0,0,0,0,0,0,0,0,0,0,0,0,0,0,0,6
16,163,124,239,225,250,213,209,212,180,166,199,190,65,78,147,187,186,171,177,164,188,182,196,109,124,146,243,243.8,131,145,199,211,205,261,253,170,213,210,300,314,274,167,225,267,316,127,234,122,106,193,208,201,118,91,164,109,188,174,181,79,63,123,211,175,254,193,243,205,251,216,242,81,64,131,196,266,219,208,164,176,235,154,225,111,39,171,219,198,187,141,176,155,172,178,181,44,35,138,201,172,128,153,177,144,184,90,100,50,60,87,135,118,99,72,98,82,118,84,113,59,51,95,106,117,114,84,146,133,136,109,121,50,37,111,174,131,137,141,145,154,185,133,156,66,45,120,224,175,150,129,117,104,161,125,152,60,30.40625,101,174,170,121,141,133,125,138.571428571429,102,125,35,26,101,138,130,113,0,0,0,0,0,0,0,0,0,0,0,0,0,0,0,0,0,0,0,0,0,0,0,0,0,0,0,0,0,0,0,0,0,0,0,0,0,0,0,0,0,0,0,0,0,0,0,0,0,0,0,0,0,0,0,0,0,0,0,0,0,0,0,0,0,0,0,0,0,0,0,0,0,0,0,0,0,0,0,0,0,0,0,0,0,0,0,0,0,0,0,0,0,0,0,0,0,0,0,0,0,0,0,0,0,0,0,0,0,0,0,0,0,0,0,0,0,0,0,0,0,0,0,0,0,0,0,0,0,0,0,0,0,0,0,0,0,0,0,0,0,0,0,0,0,0,0,0,0,0,0,0,0,0,0,0,0,0,0,0,0,0,0,0,0,0,0,0,0,0,0,0,0,0,0,0,0,0,0,0,0,0,0,0,0,0,0,0,0,0,0,0,0,0,0,0,0,0,0,0,0,0,0,0,0,0,0,0,0,0,0,0,0,0,0,0,0,0,0,0,0,0,0,0,0,0,0,0,0,0,0,0,0,0,0,0,0,0,0,0,0,0,0,0,0,0,0,0,0,0,0,0,0,0,0,0,0,0,0,0,0,0,0,0,0,0,0,0,0,0,0,0,0,0,0,0,0,0,0,0,0,0,0,0,0,0,0,0,0,0,0,0,0,0,0,0,0,0,0,0,0,0,0,0,0,0,0,0,0,0,0,0,0,0,0,0,0,0,0,0,0,0,0,0,0,0,0,0,0,0,0,0,0,0,0,0,0,0,0,0,0,0,0,0,0,0,7
17,143,167,178,134,118,108,90,109,102,109,128,112,164,156,139,123,134,122,122,106,116,140,120,91,69,69.6,92.5,70.3,81,58,67,76,80,88,81,95,176,220,98,215,113,96,90,96,147,130,107,104,82,62,70,67,57,60,51,51,53,54,61,53,57,60,69,74,70,69,69,67,65,85,73,85,80,77,82,78,81,70,69,69,76,61,62,57,64,59,57,57,54,62,57,54,68,63,65,71,67,67,62,63,61,64,54,46,55,57,59,64,65,62,78,64,64,68,69,70,68,76,70,85,71,93,106,92,89,88,88,98,91,87,93,77,101,117,116,104,101,122,104,113,113,110,111,102,106,111,114,109,103,95,101,99,89,85,85,77,86.6984924623115,100,97,84,79,85,97,77,80,109,108,73,75,100,91,91,91,57,60,57,60,48,56,69,67,50,63,68,60,77,89,82,102,60,74,60,74,95,61,70,78,57,46,24,34,48,39,39,64,40,46,44,96,95,74,56,58,66,61,54,48,46,65,47,45,24,0,0,0,0,0,0,0,0,0,0,0,0,0,0,0,0,0,0,0,0,0,0,0,0,0,0,0,0,0,0,0,0,0,0,0,0,0,0,0,0,0,0,0,0,0,0,0,0,0,0,0,0,0,0,0,0,0,0,0,0,0,0,0,0,0,0,0,0,0,0,0,0,0,0,0,0,0,0,36,40,44,31,41,32,36,34,42,42,36,41,35,39,54,56,41,43,35,38,57,41,43,38,36,29,25,30,22,27,17,21,30,26,23,25,18,28.6,21,29,26,21,21,47,32,34,49,40,43,54,44,47,30,55,44,52,82,59,65,69,54,58,74,56,78,72,65,76,72,52,68,33,27,29,33,27,28.6,17,29,35,20,45,41,43,45,39,32,30,22,32,44,29,28,28,18,0,0,0,0,0,0,0,0,0,0,0,0,0,0,0,0,0,0,0,0,0,0,0,0,0,0,0,0,0,0,0,0,0,0,0,0,0,0,0,0,0,0,0,0,0,0,0,0,0,0,0,0,0,0,0,0,0,0,0,0,0,0,0,0,0,0,0,0,0,0,0,0,0,0,0,0,0,0,26,39,33,29,41,0,33,38,37,39,27,36,34,39,37,36,43,50,45,44,40,48,36,54,33,22,24,28,22,25.3658536585366,24,20,22,26,27.5,24,43,22,33,28,29,24,16.75,24,19.25,24,8
18,0,0,0,0,43,248,0,0,0,0,0,0,0,0,0,0,0,0,0,0,0,0,0,0,113,104.8,180.6,223.2,198,164,144,232,208,233,172,140,248,121,327,303,245,181,138,236,255,209,182,120,123,91,290,252,215,142,78,211,223,174,226,107,113,89,251,226,193,139,85.5,230,232,197,194,138,119,117,280,254,242,155,98,260,253,188,215,115,104,123,271,251,206,147,100,244,240,192,187,111,105,143,254,261,235,166,112,186,181,182,178,115,102,154,293,252,217,110,151,221,204,202,168,125,110,150,297,260,233,201,146,286,267,213,231,140,160,193,283,252,256,225,180,243,245,257,229,165,182,170,269,233,216,175,174,184,189,155,152,96,120.412844036697,137,265,257,183,154,150,223,196.952380952381,160,155,86,106,137,270,255,210,0,0,0,0,42,42,0,0,0,0,0,0,0,0,0,0,0,0,0,0,0,0,0,0,12,1,4,5.5,17,16,22,20,14,22,21,23,58,29,29,28,30,19,17,21,19,29,16,16,36,19,20,10,16,17,21,11,10,12,16,25,18,22,21,14,26,25,30,27,16,49,57,50,56,49,38,27,39,26,31,30,21,26,11,20,17,13,10,20,11,26,15,14,12,18,9,12,19,19,13,17,15,10,16,15,10,7,9,9,28,18,18,17,21,12,20,19,17,34,29,24,26,34,33,41,39,29,8,0,0,0,0,0,0,0,0,0,0,0,0,0,0,0,0,0,0,0,0,0,0,0,0,0,0,0,0,0,0,0,0,0,0,0,0,0,0,0,0,0,0,0,0,0,0,0,0,0,0,14,14,0,0,0,0,0,0,0,0,0,0,0,0,0,0,0,0,0,0,9,1,6,4.5,14,15,12.6,13,17,14,22,13,18,17,16,17,16,11,12,12,17,12,15,15,11,2,11,14,13,13,12,11,14,12,12,8,17,15,12,15,19,18,13,12,14,31,30,28,32,27,27,23,27,20,30,20,28,35,21,8,20,10,11,17,14,17,10,15,14,12,13,12,14,11,13,12,10,6,8,9,11,14,12,25,14,14,10,14,10,11,30,27,21,21,24,40,16,57,42,41,33,34,12,0,0,0,0,0,16,0,0,0,0,0,0,0,0,0,0,0,0,0,0,0,0,0,0,0,0,0,0,0,0,0,0,0,0,0,0,0,0,0,0,0,0,0,0,0,0,9
19,195,179,195,145,136,149,120,139,141,142,182,161,182,163,163,175,161,169,172,170,177,152,152,137,114,155.5,122.3,185.6,160,187,231,278,316,237,232,223,305,221,269,267,236,262,274,305,361,242,248,210,221,222,256,248,240,262,229,220,245,188,225,180,178,174,199,214,202,217,220,267,258,195,199,196,199,225,244,234,239,239,265,283,296,224,246,213,218,210,244,234,215,260,290,306,320,234,230,231,223,230,240,231,210,241,258,272,255,197,203,191,180,205,233,197,197,267,262,265,268,205,214,214,218,229,239,234,223,255,231,259,239,200,197,200,222,218,217,200,204,231,205,212,217,192,189,172,188,186,199,223,236,236,240,255,263,216,183,173,153.118577075099,144,181,173,186,209,202,203,212.761904761905,185,172,147,133,144,171,192,204,79,66,66,66,60,53,73,46,96,63,45,72,61,53,66,83,55,96,86,67,80,61,85,87,28,59,37,75,70,84,93,107,83,93,109,97,40,98,111,106,101,116,118,126,133,92,80,79,95,86,80,76,84,86,111,72,76,66,77,70,95,72,86,69,75,92,97,93,89,70,80,81,76,81,78,96,91,113,104,100,100,100,108,96,84,79,108,91,95,98,106,127,120,105,79,90,101,96,102,94,83,101,95,106,117,92,96,100,96,91,95,98,99,139,135,120,126,114,87,104,102,105,104,96,107,132,122,60,111,94,89,75,109,91,111,98,104,101,97,98,107,109,88,90,72,93,100,99,119,112,120,123,95,95,71,82,70,65,81,77,104,103,86,84,89.8,86,84,78,56,52,72,80,99,73,67,64,60,61,69,55,35,61,53,48,59,71,41,69,74,68,82,86,85,58,64,65,69,59,41,57,52.5,58,67,84.2,78,68,64,60,67,85,68,66,78,72,78,90,76,97,67,71,70,65,44,62,57,53,72,83,72,71,55,72,51,63,53,63,58,46,54,74,83,65,71,63,67,70,73,73,69,54,79,86,84,79,68,66,64,73,73,75,72,58,70,97,97,88,73,72,69,71,74,67,56,57,75,71,89,66,70,69,62,79,69,66,62,65,94,108,95,109,86,68,94,78,93,112,94,93,123,105,101,95,70,81,75,78,81,77,63,74,89,78,84,95,88,80,80,82,94,80,84,90,96,92,88,84.75,69,69,72,72.9411764705882,59,58,71,66,81.6666666666667,78,82,76.2,73,61,57,49,47.25,51,51.75,66,10
22,16881,15883,16663,16171,15243,13871,15730,15780,14855,15113,15805,16306,16522,15649,17272,16295,16255,14247,14947,15171,15825,16621,16791,16929,16729,16731,18999,17311,17047,16478,15290,16230,16539,16097,16202,16472,16815,16158,17118,17121,16501,15358,15431,16133,16365,15808,15887,15550,15408,15014,15745,14694,14909,14618,14099,14922,14981,17217,16880,14744,14879,14731,15559,16303,14675,14100,14366.1,15116,15344,15678,15305,14972,14583,13675,13788,14951,15175,14041,14977,14694,14491,14423,15030,14712,13721,14035,14891,15478,14685,14235,13835,14474,14918,15085,15243,14573,14223,14251,14653,15255,14758,13963,13976,14206,14636,14585,14730,14203,12616,13250,13656,13441,12785,11831,12248,13683,14038,14271,14130,15213,13506,13821,14449,14212,13604,12050,11941,12948,12796,12846,12888,12651,12040,12209,12435,12577,12176,11505,10717,11233,11864,11286,11004,10313,10063,10205,10760,10845,10426,9881,9299,9983,10087,10064,10162,9758,9484.03796376186,9628,10015,9831,9178,9131,8691,8876,9436.7619047619,8907,8713,8538,8487,9628,9159,8820,8577,11867,11319,11837,11571,11246,10552,7610,11160,10505,10225,11053,11799,11170,10924,11554,12256,10338,10808,10555,10756,11979,11171,11825,12102,12567,11442,13068,12392,11853,11240,12021,11168,11203,12262,11644,12427,11870,12429,12429,12828,11891,11875,11111,11967,11316,12162,11577,11876,10526,11668,11026,11287,10973,9750,9928,11048,12072,11341,15731,11675,11276,11543,11814,11273,10667,11631,11258,11565,10846,12173,11443,11679,11655,11928,10766,11290,11600,10501,10915,12426,10949,10675,10866,11762,11115,12861,11410,11187,11248,10829,10438,10945,11045,11083,11662,11513,11344,11661,10866,11209,11122,11074,10401,10001,10607,11234,10996,11083,9418,9082,9474,9345,8378,9042,9817,9694,11301,10619,10087,10761,10516,11183,11316,10921,10128,9942,9550,7188,9624,10017,9571,8976,9721,9881,9413,9526,8753,8863,8386,8961,9399,9480,9209,9308,8324,9070,9431,9219,8954,8428,8046,8293,8172,7881,8142,8093,8040,7981,7781,8030,7785,7743,7331,6817,7709.8,7934,7176,7360,6909,7180,7796,7071,6961,11245,11112,11424,10816,10660,10117,7386,10806,10757,10429,10327,11138,11479,12082,11729,12293,10262,9723,10196,10628,10816,11501,12498,12166,12095,12248,12356,13283,12347,11533,10568.6,11081,11757,12691,12453,12654,9737.2,12276,12170,13039,12029,10900,8975,8691,8650,11538,11871,11399,11060,11118,10427,10953,11172,9934,9662,10720,11065,13200,11954,11099,10845,10817,11196,10852,10202,9668,10149,10542,9941,11332,11955,11313,10847,10590,10945,10159,9551,10012,9628,10719,10329,10564,10462,11130,10724,11068,11122,11448,9805,8986,10156,10923,11315,11822,12176,11320,11333,11991,10703,11353,10898,10433,9589,9222,10012,9969,9939,10080,9014,8766,8308,7964,7088,7898,8582,8742,9634,9404,9562,10586,10000,10325,9889,10109,9471,8044,8382,9136,8803,9233,9092,8976,10000,8910,8577,8132,8207,8207,7063,8105,8803,8718,8718,8571,8406,8331,8120,8534,8228,7292,6525,7325,7461.75,7017,6818,7117,7189.04166666667,7056,5893,6703,6605,6662.33333333333,6419,6519,6662.6,6509,5993,6234,6069,6321.75,6255,6282,5836,11
23,5939,5377,5970,6050,5577,4984,5581,5940,5627,5369,6350,5738,5435,5078,6071,6005,5928,5201,5518,5787,5791,5681,5954,5671,5426,5240,6246,5771,6090,5467,6651,8004,8215,7979,8330,8484,8166,7885,9073,8983,8648,7405,7620,8051,8350,8233,8772,7934,8154,7743,8554,8673,8423,7426,7540,8061,8029,8090,8672,7948,7826,7642,8480,9114,8700,7071,8248,8380,8173,8918,8937,8513,8169,8135,9045,9820,9445,8544,8978,9549,9812,9555,10217,9346,8591,8571,9559,9590,8677,7906,8103,8521,8622,8449,8639,8286,7807,7715,8312,9253,8692,8064,8332,8386,8583,8632,8850,8352,8121,8024,9029,9473,8945,7583,8351,8418,8502,8418,8550,8027,7654,7692,8397,8966,8468,7297,7326,7732,7487,7774,7609,7046,6660,6622,7088,7880,7747,6720,6493,6867,7081,7089,7392,6919,6673,6540,7203,7749,7280,6592,6099,6654,6578,6635,6849,6449,5930.56382978723,6099,6892,6959,6170,6386,6141,6137,6519.38095238095,6438,6728,6647,6185,6099,6851,7268,6716,3756,3872,3838,3841,3854,3443,3225,3735,3681,3755,3659,3534,3790,3822,3793,3617,3724,3674,3520,3416,4088,3728,4071,3691,3646,3850,3765,3836,3915,3638,3820,4692,4976,5181,5498,5376,5209,5663,5663,6186,5730,6281,5392,5436,6070,5490,5581,5197,5257,5345,4872,5388,4970,4996,4723,5297,5340,5898,5967,5377,5545,5459,5449,5592,5159,5504,5108,5112,5138,5698,5562,5342,5592,5572,5884,5983,5525,5494,5371,5823,5505,5943,5930,6055,5404,5627,6071,6353,6017,5688,5460,5878,6130,6108,6005,5841,5830,5739,5870,5811,6017,5689,5367,5501,5490,5886,6318,5844,5159,5466,5537,5472,5183,5502,5023,5063,5412,5339,5393,5253,5059,5330,5418,5297,5149,5064,4407,4359,4615,4679,4596,3979,4459,4488,4541,4812,4151,4235,3917,4222,4349,4527,4697,4370,4174,4636,4763,4676,4230,4469,3915,4086,3831,4135,4165,3891,3634,4088,4114,4167,3850,3920,3797,3465,3718.6,3826,3986,4125,4070,4260,4208,4321,4133,3015,3028,2846,2878,2670,2615,2444,2710,2741,3059,3026,2972,3037,2974,3241,2882,2758,2784,2855,2681,2890,2940,2971,2984,2686,2869,3001,3327,2721,2510,3284.6,4239,3945,4621,4777,4724,3780.4,4926,4933,5473,5038,4471,4673,4024,4537,5030,4592,4870,4717,5034,4885,4753,4178,4381,4030,4316,4704,4362,5141,4294,4502,4506,5083,4531,4407,4414,4269,4819,4406,4991,4874,4913,4766,5031,4879,4846,4374,4586,4354,4789,4902,4827,5261,4963,4879,4716,4777,5173,4967,4342,4582,5056,5217,5058,5588,4936,4928,5155,5006,4828,4721,4573,4432,4288,4597,4666,4938,4828,4745,4947,5226,4935,4668,4622,4092,4100,4540,4319,4503,4472,4472,4726,4754,4556,4232,3819,3816,4225,3708,4172,4186,3979,4472,3745,3979,3795,3648,3738,2995,3602,3708,3745,4024,3688,3740,3867,3627,3826,3426,3236,3181,3167,3332.75,3415,3467,3388,3615.56370656371,3545,2925,3510,3380,3452.66666666667,3135,3138,3288.6,3341,3132,3490,3486,3625.5,3542,3602.75,3416,12
25,6627,5959,6936,6897,6604,6006,6447,6550,6694,5525,6833,6775,6867,6121,6943,7115,6311,5864,6161,6223,6353,6609,6503,6639,6211,6147,7039,7129,6229,5607,6036,6518,7127,7275,7611,7384,7461,7132,7904,7905,7472,6361,6841,6819,7316,7146,7534,7208,6926,7062,7527,7269,7144,6382,6273,7014,6709,6855,7233,6439,6663,6420,7151,7409,7016,5898,6880.5,6829,6951,7298,7256,7006,6867,7006,7590,7596,7227,6519,6981,7020,7010,6843,7397,6847,6523,6617,7497,7644,6929,6564,7070,7300,7299,7055,7246,6942,6727,6655,7212,7546,7181,6423,6958,7038,7390,7164,7533,7130,6770,6777,7597,7648,7333,6236,6930,7277,7388,7410,7360,6906,6632,6596,7429,7607,6879,6294,6412,6728,6548,6859,6937,6255,5852,6092,6462,6565,6699,5938,5739,5883,6371,6084,6569,6063,5968,6027,6617,6958,6473,5757,5424,6131,5870,6116,6358,5941,5696.22355430183,5890,6544,6497,5755,6106,5487,5500,5843.61904761905,6036,6275,6186,5957,5890,6554,6832,6554,4351,3788,3727,3785,3901,3824,3547,4322,4242,3704,4439,4572,4082,3864,4194,4570,3614,3554,3832,3752,4128,3784,4348,4202,4051,4056,4006,4224,4086,4078,3812,3820,4530,4451,4625,3966,4105,4811,4811,4899,4559,4363,4048,4381,4537,4668,4195,4032,3820,4350,4406,4270,3908,3629,3758,4091,4284,4228,4664,4181,3989,3942,4061,4149,3676,3993,3918,4015,3723,4204,3998,4039,4088,4299,4159,4240,4059,3918,3688,3897,3689,3828,3969,4049,3703,4069,4363,4083,4126,3607,3898,4091,4061,4054,4093,3985,4009,4226,4034,4238,4075,3999,4118,4300,4186,4111,4085,4122,4124,4209,4326,4209,3946,4066,4134,3978,4196,4040,4174,4067,3845,4010,3998,4227,3679,3794,3356,3321,3459,3640,3588,2968,3607,3669,3821,3742,3578,3345,3362,3572,3758,3663,3387,3656,3585,3876,3654,3915,3598,3690,3624,3624,3317,3513,3652,3599,3444,3610,3878,3770,3467,3398,3515,3032,3298.8,3558,3454,3548,3752,3809,3616,3880,3551,3423,3197,3246,3219,3241,2746,2980,3231,2849,3013,3467,3627,3193,3026,3399,3585,2975,2666,2964,3269,3287,3320,3261,3131,3102,3333,3616,3901,2932,2980,2850,3169,3879,3575,3565,3786,2985.6,3890,4213,4657,4294,3194,3338,2950,3446,3858,3530,3721,3657,3545,3707,3597,3030,3013,3184,3152,3740,3369,3438,3238,3253,3096,3457,3427,2803,2729,2789,3392,3017,3450,3366,3516,3412,3454,3543,3410,3086,3040,2929,3293,3046,3199,3372,3243,3191,3208,3394,3292,3118,2509,3074,3275,3443,3263,3224,3293,3210,3575,3398,3528,3275,3259,2985,3154,3216,3372,3497,3218,3235,3593,3467,3551,3064,3075,3117,2928,3441,3277,3246,3400,3211,3327,3219,3127,3077,2583,2818,3115,2683,2898,3010,2968,3211,3150,3078,2701,2631,2644,2332,2730,2683,2996,2907,3011,3064,3215,3110,3178,2791,2671,2757,2966,2926.75,2903,2875,2955,3002.2149122807,3228,2633,3100,2953,2772,2817,2773,2826.8,2832,2646,2939,2937,3165.75,3209,3119.75,3000,13
26,3667,3578,3918,3794,3544,3275,3326,3945,3556,3531,3783,4140,3719,3700,4008,3688,3585,3342,3436,3668,3996,3564,3908,4014,3924,3921,4261,4137,3926,3726,3713,4270,4451,4361,4347,4518,4689,4335,4840,4931,4341,4110,4617,4309,4362,4138,4329,4271,4304,4130,4259,3940,4155,3702,3500,3958,3767,3812,4413,3560,3678,3662,3716,4015,3715,3432,3808.5,3611,3891,3814,3934,3806,3766,3679,3886,3875,3856,3611,3787,3909,3906,3649,3854,3695,3582,3778,3889,3963,3769,3600,5388,3702,3986,3738,3858,3653,3625,3616,3650,3912,3675,3525,3658,3678,3937,3811,3847,3672,3080,3077,3255,3184,2951,2716,3608,3837,4094,3962,3900,3866,3867,3829,3863,4043,3581,3234,3432,3471,3511,3586,3588,3476,3355,3338,3415,3407,3356,3059,2741,2874,3080,3073,3284,3016,3017,3071,3016,3019,2853,2641,2674,2849,2831,2842,2900,2937,2812.79456193353,3002,3241,3060,2727,2884,2658,2626,2982,2850,3029,2895,2874,3002,2978,3070,2842,2156,2372,2232,2186,2173,2167,2072,2190,2280,2027,1989,1977,2134,2188,2393,2172,2190,2084,1943,1969,2433,2097,2256,2476,2408,2377,2484,2531,2344,2595,2235,2595,2665,2627,2586,2681,2635,2810,2810,2789,2556,2765,2604,2782,2643,2564,2373,2513,2237,2641,2494,2440,2362,2586,2437,2402,2505,2317,2542,2457,2319,2331,2792,2328,2414,2519,2467,2378,2468,2401,2322,2234,2363,2510,2495,2178,2249,2385,2469,2383,2126,2316,2304,2295,2220,2596,2380,2438,2292,2267,2298,2332,2483,2340,2370,2479,2389,2549,2323,2406,2340,2489,2374,2493,2610,2459,2506,2451,1848,2063,2133,2073,1882,1990,2235,2343,2637,2429,2367,2607,2415,2427,2474,2468,2347,2094,2022,1862,2006,2124,2014,1939,2101,2098,2025,2104,1848,1863,1712,1826,2105,1966,2076,2056,1841,2021,1959,1982,1936,1910,1838,1794,1742,1857,1893,1777,1797,1869,1794,1861,1712,1745,1862,1595,1648.8,1802,1756,1798,1801,1845,1798,1842,1776,2026,1973,1909,1874,1663,1631,1558,1848,1781,1804,1721,1822,1786,1987,1940,2016,1711,1552,1758,1850,1921,2053,2077,1945,2006,2219,2009,2446,1819,2107,1795.4,1902,2326,2097,2137,2286,1896.4,2489,2354,2611,2227,2156,2168,1867,2203,2176,2151,2164,2252,2178,2002,2139,1924,1809,1969,2029,2305,2028,2325,2222,1993,2139,2138,1875,1746,2049,1916,2241,2002,2057,2023,2103,2057,2287,2169,2093,1687,2071,1986,2224,2124,2068,1994,2064,2090,2173,2160,2233,2063,1767,1999,2333,2286,2098,2234,2206,2032,2148,2064,2175,1970,1937,2058,2094,2285,2155,2213,2144,1683,1623,1741,1687,1321,1727,1870,1929,2174,2144,2159,2124,2153,2253,2129,2097,1979,1711,1876,1997,1852,1966,1965,1939,2153,1977,1826,1680,1611,1678,1482,1769,1852,1754,1759,1739,1679,1767,1717,1681,1609,1501,1499,1562,1698.25,1685,1656,1765,1627.71153846154,1741,1496,1717,1607,1589.33333333333,1518,1530,1584.8,1595,1543,1722,1600,1833,1765,1772.5,1625,14
27,1307,1203,1319,1215,1195,1101,1078,1187,1058,1097,1161,1082,1101,1048,1318,1204,1191,1109,1083,1243,1154,1209,1186,1155,1192,1061,1319,1265,1199,1054,875,1016,1165,1051,1099,1069,1187,1053,1131,1200,1039,997,997,994,1055,1058,1106,1068,1083,1163,1029,999,942,938,892,811,869,779,1007,748,804,810,813,1045,843,750,757.5,778,814,792,843,794,839,871,936,837,807,772,1341,829,810,838,863,798,787,869,865,846,821,815,758,792,801,809,870,799,785,811,839,835,894,787,791,803,823,792,817,781,772,821,864,868,814,754,786,830,836,838,848,753,782,843,833,802,774,764,735,763,758,770,741,759,724,773,795,809,799,756,661,644,726,688,730,652,696,733,718,766,682,694,601,629,595,621,716,644,622.86925795053,707,712,697,637,662,596,629,704.047619047619,692,734,628,632,707,780,751,693,698,632,702,644,643,623,527,450,645,563,523,528,528,676,647,709,603,692,602,639,619,517,651,602,502,546,635,650,531,630,487,641,786,846,705,768,751,640,640,778,776,750,591,648,610,722,686,550,791,596,673,623,525,576,405,436,355,486,478,384,417,421,443,377,266,391,423,468,480,456,392,426,397,463,488,427,407,399,414,399,388,408,436,392,392,440,449,466,421,407,419,436,429,449,466,427,419,446,449,441,452,409,445,367,385,435,414,423,442,473,457,422,368,378,418,365,428,415,428,382,389,400,399,422,384,438,382,378,375,371,346,216,418,411,375,445,400,413,351,333,357,382,485,410,347,353,315,345,371,412,363,343,181,349,365,347,315,371,352,353,336,324,346,257,449.4,314,256,0,200,328,290,327,265,484,412,406,358,408,355,379,406,382,360,386,373,371,402,384,385,306,316,343,346,362,358,409,414,428,393,426,574,340,318,249.2,356,428,425,443,347,314.4,484,427,435,376,437,290,346,382,425,440,348,512,324,417,379,282,312,299,300,195,235,291,242,193,267,267,267,198,235,270,283,292,302,272,272,277,281,284,291,267,238,236,266,242,254,249,257,253,257,285,265,249,192,247,260,246,299,330,262,258,254,268,255,209,245,220,245,235,209,246,279,271,257,245,248,220,199,233,206,263,224,278,250,250,276,230,259,217,180,234,242,222,225,266,216,250,258,281,226,254,245,174,258,222,260,242,222,222,189,212,222,208,212,258,209,163.5,226,261,276,260.666666666667,257,225,251,246,211.833333333333,224,196,203,167,126,203,224,188.75,216,256.5,188,15
31,1211,1093,1842,1493,1417,1296,1078,1332,1290,1219,1326,1250,1156,975,1636,2052,1517,1712,1475,1796,1974,2116,1966,1680,1829,1745,2497,2202,2094,2017,981,804,824,866,923,728,765,593,1223,1088,1052,785,1510,1510,1030,816,856,670,742,680,1148,995,979,711,443,1045,800,814,976,508,661,657,932,890,885,618,501.5,904,898,753,809,549,582,462,1008,974,871,745,548,936,872,760,833,455,488,455,1111,1023,925,772,632,937,798,872,795,519,543,459,1007,866,735,578,587,745,743,628,669,508,411,336,648,650,523,437,571,771,744,705,625,520,521,463,800,788,667,510,421,643,550,580,570,431,476,437,695,707,731,547,425,616,654,681,626,454,510,414,809,787,679,585,446,630,531,623,595,435,496.601886792453,393,829,780,623,620,455,627,665.761904761905,594,573,469,495,393,865,769,671,637,542,638,681,724,522,487,570,610,539,609,565,607,539,713,1090,808,953,773,880,881,739,915,969,1043,1042,977,894,902,1163,705,242,272,300,313,270,281.5,271,271,308,345,265,242,266,272,332,305,234,285,248,293,316,286,278,183,163,245,242,194,161,179,190,194,183,140,188,211,201,221,190,177,140,165,184,192,153,157,150,143,167,144,149,181,158,152,145,170,144,165,153,138,158,170,171,171,175,158,188,180,147,186,177,129,186,160,184,170,177,103,118,125,118,94,102,182,138,158,195,202,147,160,148,149,190,155,142,124,105,139,124,134,106,139,136,153,177,116,138,109,133,116,129,130,129,123,136,125,152,130,124,111,148,114,137,126,115,118,132,162,150,107,125,125,121,119.4,135,133,164,162,145,137,148,127,528,468,487,468,497,412,399,481,475,456,549,458,548,464,573,746,494,629,604,599,695,675,645,838,773,790,788,808,689,763,387.2,124,143,151,165,148,126.4,137,150,170,180,125,234,107,255,168,165,132,126,129,152,167,169,123,108,104,198,70,135,96,97,74,70,85,69,82,86,119,101,101,112,77,89,819,105,98,98,92,86,91,83,97,87,102,85,113,84,94,92,74,94,89,112,104,101,173,92,108,97,96,76,79,105,83,96,116,122,103,67,87,93,64,63,67,115,118,96,95,96,107,108,104,113,115,114,88,92,84,102,90,104,106,108,103,112,87,82,92,95,80,102,98,109,108,89,95,103,83,87,98,92,94,79.25,141,84,84,89.6170212765957,106,68,85,103,86,90,106,89.6,74,72,87,83,95.25,210,94.75,82,16
32,909,907,976,1054,943,729,991,888,881,797,901,829,935,847,960,916,759,689,789,836,946,981,916,860,733,805,1106,999,860,820,821,817,897,891,945,955,954,933,1097,1325,951,816,862,893,1023,912,967,820,740,794,928,861,813,738,722,744,797,855,1057,843,820,711,878,941,901,801,951.5,887,930,971,1006,932,901,934,1010,1022,944,812,892,914,932,956,1015,962,909,932,1073,1065,948,777,811,908,986,949,1014,918,889,918,1071,1052,1016,900,964,987,1047,1011,1054,986,985,1033,1110,1119,1021,856,1000,996,1106,1066,1110,1044,1004,1041,1169,1138,1027,882,1022,1030,1111,1090,1164,1083,1022,1019,1118,1086,1084,1013,900,971,1042,1054,1141,1078,1051,1038,1153,1111,1029,948,907,943,934,944,1043,927,926.723826714801,956,1108,1104,940,1012,919,881,964.47619047619,798,827,834,783,956,965,1007,909,231,210,224,222,236,184,187,285,249,250,232,312,337,313,253,230,293,247,261,219,282,311,293,297,321,266,263,322,220,251,200,236,212,286,254,334,105,318,339,652,247,288,608,295,292,315,281,268,282,304,318,256,266,238,273,258,306,273,352,332,299,316,320,309,275,238,307,296,259,292,310,291,322,313,307,328,307,302,268,298,272,285,305,340,302,327,315,333,284,255,297,310,326,295,331,328,299,337,292,308,313,305,299,303,305,305,295,304,297,331,277,271,252,283,55,248,292,301,298,297,291,295,290,248,276,223,253,221,257,259,251,0,266,244,243,262,232,235,219,245,242,236,257,258,241,293,248,234,215,237,216,210,212,205,230,232,229,235,243,255,224,202,216,223,197.2,235,231,255,205,263,208,219,210,0,0,0,0,0,0,0,0,0,0,0,0,0,0,0,0,0,0,0,0,0,0,0,0,0,0,0,0,0,0,0,0,0,0,0,0,0,0,0,0,0,0,0,0,0,0,0,0,0,0,0,0,0,0,0,0,0,0,0,0,0,0,0,0,0,0,0,0,0,0,0,0,0,0,0,0,0,0,0,0,0,0,0,0,0,0,0,0,0,0,0,0,0,0,0,0,0,0,0,0,0,0,0,0,0,0,0,0,0,0,0,0,0,0,0,0,0,0,0,0,0,0,0,0,0,0,0,0,0,0,0,0,0,0,0,0,0,0,0,0,0,0,0,0,0,0,0,0,0,0,0,0,0,0,0,0,0,0,0,0,0,0,0,0,0,0,0,0,0,0,0,0,0,17
33,331,338,293,318,330,332,328,389,353,370,344,391,398,340,360,355,369,320,349,314,312,336,293,300,330,362,418,370,313,362,230,228,251,252,257,282,287,303,286,202,194,177,235,263,282,259,256,260,210,172,173,167,179,177,43,0,0,0,0,0,0,0,0,0,0,0,0,0,0,0,0,0,0,0,0,0,0,0,0,0,0,0,0,0,0,0,0,0,0,0,0,0,0,0,0,0,0,0,0,0,0,0,0,0,0,0,0,0,0,0,0,0,0,0,0,0,0,0,0,0,0,0,0,0,0,0,0,0,0,0,0,0,0,0,0,0,0,0,0,0,0,0,0,0,0,0,0,0,0,0,0,0,0,0,0,0,0,0,0,0,0,0,0,0,0,0,0,0,0,0,0,0,0,290,217,246,275,267,287,300,287,367,267,248,321,236,275,257,303,265,295,279,267,345,302,292,296,309,267,269,310,225,281,204,177,275,201,282,243,282,285,285,115,163,191,289,341,279,307,275,239,196,106,145,91,113,140,47,0,0,0,0,0,0,0,0,0,0,0,0,0,0,0,0,0,0,0,0,0,0,0,0,0,0,0,0,0,0,0,0,0,0,0,0,0,0,0,0,0,0,0,0,0,0,0,0,0,0,0,0,0,0,0,0,0,0,0,0,0,0,0,0,0,0,0,0,0,0,0,0,0,0,0,0,0,0,0,0,0,0,0,0,0,0,0,0,0,0,0,0,0,0,0,0,0,0,0,0,0,0,0,0,0,0,0,0,0,0,0,0,0,0,0,0,0,0,185,180,167,176,187,177,201,204,194,188,194,164,201,190,214,189,161,165,206,213,193,152,173,188,225,231,220,341,162,174,170,138,174,185,222,205,187.2,211,202,177,150,133,147,168,205,215,197,200,135,92,103,75,111,73,31,0,0,0,0,0,0,0,0,0,0,0,0,0,0,0,0,0,0,0,0,0,0,0,0,0,0,0,0,0,0,0,0,0,0,0,0,0,0,0,0,0,0,0,0,0,0,0,0,0,0,0,0,0,0,0,0,0,0,0,0,0,0,0,0,0,0,0,0,0,0,0,0,0,0,0,0,0,0,0,0,0,0,0,0,0,0,0,0,0,0,0,0,0,0,0,0,0,0,0,0,0,0,0,0,0,0,0,0,0,0,0,0,0,0,0,0,0,0,18
34,249,283,279,320,238,227,249,253,255,257,323,246,287,254,251,254,248,255,230,272,277,262,273,254,250,247,283,358,252,227,172,82,95,98,101,94,95,96,89,115,105,106,104,101,109,100,108,102,112,103,106,103,99,88,87,87,91,102,105,99,111,80,87,82,77,78,76,77,79,86,90,83,88,86,94,84,70,78,74,73,71,67,76,79,76,80,71,76,75,76,74,66,77,71,72,72,75,68,78,62,60,61,65,60,64,64,65,68,75,70,67,66,68,67,70,71,70,68,69,74,65,68,64,61,55,58,78,68,70,69,69,69,73,72,64,74,70,77,65,63,61,67,67,74,70,66,66,66,74,69,60,54,52,62,64,53,52.512,56,58,62,59,59,57,50,56.5714285714286,61,58,55,49,56,52,48,52,105,139,125,134,126,109,96,98,143,132,117,101,86,118,129,132,144,106,119,114,133,129,137,133,121,136,143,142,157,119,56,0,0,0,0,0,0,0,0,0,0,0,0,0,0,0,0,0,0,0,0,0,0,0,0,0,0,0,0,0,0,0,0,0,0,0,0,0,0,0,0,0,0,0,0,0,0,0,0,0,0,0,0,0,0,0,0,0,0,0,0,0,0,0,0,0,0,0,0,0,0,0,0,0,0,0,0,0,0,0,0,0,0,0,0,0,0,0,0,0,0,0,0,0,0,0,0,0,0,0,0,0,0,0,0,0,0,0,0,0,0,0,0,0,0,0,0,0,0,0,0,0,0,0,0,0,0,0,0,0,0,0,0,0,0,0,0,0,0,0,0,0,0,0,0,0,0,0,0,0,0,0,0,0,0,0,0,0,0,0,0,0,0,0,0,0,0,0,0,0,0,0,0,0,0,0,0,0,0,0,0,0,0,0,0,0,0,0,0,0,0,0,0,0,0,0,0,0,0,0,0,0,0,0,0,0,0,0,0,0,0,0,0,0,0,0,0,0,0,0,0,0,0,0,0,0,0,0,0,0,0,0,0,0,0,0,0,0,0,0,0,0,0,0,0,0,0,0,0,0,0,0,0,0,0,0,0,0,0,0,0,0,0,0,0,0,0,0,0,0,0,0,0,0,0,0,0,0,0,0,0,0,0,0,0,0,0,0,0,0,0,0,0,0,0,0,0,0,0,0,0,0,0,0,0,0,0,0,0,0,0,0,0,0,0,0,19
35,1476,1279,1461,1416,1289,1185,1427,1512,1325,1498,1475,1586,1375,1361,1379,1395,1406,1275,1269,1490,1532,1652,1357,1300,1338,1275,1501,1401,1437,1441,1357,1304,1477,1419,1410,1493,1482,1496,1636,1704,1482,1395,1346,1340,1320,1196,1306,1198,1183,1101,1191,1290,1203,1122,1190,1133,1100,1211,1262,1081,1166,1151,1152,1317,1164,1051,1176.5,1168,1243,1331,1292,1238,1131,1138,1233,1221,1160,1125,1152,1093,1205,1131,1206,1203,1085,1144,1250,1238,1165,1062,1066,1043,1096,1068,1150,1141,1094,1101,1150,1141,1102,1014,1071,1087,1166,1148,1171,1136,1069,1049,1128,1127,1090,946,1044,1055,1102,1110,1140,1051,1053,1040,1122,1158,1087,1018,1032,1044,1065,1054,1051,993,926,903,956,1021,939,934,815,827,938,928,981,978,845,829,895,853,839,785,806,837,739,804,900,899,888.051724137931,865,963,882,896,828,855,814,870.666666666667,898,863,819,854,865,867,842,777,846,830,751,767,914,771,794,945,1098,826,1026,913,910,818,926,1062,774,954,936,1019,1081,875,987,1041,1150,918,938,1006,1016,980,817,851,857,871,838,864,923,789,789,188,979,1099,731,855,877,869,828,864,796,816,773,801,708,670,673,561,594,702,526,575,563,576,455,486,541,574,517,496,510,528,558,516,547,531,520,544,511,499,483,473,479,523,483,569,490,589,559,540,530,515,478,447,497,530,499,516,566,546,477,471,468,479,467,523,583,542,475,493,456,468,463,475,427,482,432,397,456,484,454,480,497,527,450,541,454,538,483,368,509,480,498,397,462,428,437,477,427,430,390,387,412,445,463,488,378,377,421,372,396,385,399,428,314,352,407,465,412,442,443,487,473,395,386,406,423.6,427,415,409,410,415,432,468,392,411,465,461,401,387,385,399,450,454,340,554,476,499,404,466,471,407,430,414,404,413,533,456,551,427,441,529,496,539,503,480.8,355,506,514,409,475,375.6,433,452,551,476,430,557,372,419,421,470,441,457,490,405,427,361,390,389,346,442,362,359,390,386,421,387,355,346,358,388,389,376,415,379,422,438,419,408,467,363,374,369,391,419,399,406,450,391,429,425,427,412,350,345,444,406,434,536,415,444,427,428,410,393,372,340,416,390,387,420,392,430,401,384,393,378,347,359,412,391,414,405,389,407,401,395,403,356,343,364,407,345,357,355,397,407,343,341,338,306,339,345,307,345,333,326,289,337,330,358,291,331,302,387,290,86.75,308,311,298,326,348,268,292,253,306.666666666667,274,290,297.6,266,288,288,333,355.5,242,329.25,309,20
36,692,698,758,716,717,596,684,726,677,742,710,787,698,709,681,715,596,561,648,660,627,629,673,626,640,601,732,683,686,644,227,0,0,0,0,0,0,0,0,0,0,0,0,0,0,0,0,0,0,0,0,0,0,0,0,0,0,0,0,0,0,0,0,0,0,0,0,0,0,0,0,0,0,0,0,0,0,0,0,0,0,0,0,0,0,0,0,0,0,0,0,0,0,0,0,0,0,0,0,0,0,0,0,0,0,0,0,0,0,0,0,0,0,0,0,0,0,0,0,0,0,0,0,0,0,0,0,0,0,0,0,0,0,0,0,0,0,0,0,0,0,0,0,0,0,0,0,0,0,0,0,0,0,0,0,0,0,0,0,0,0,0,0,0,0,0,0,0,0,0,0,0,0,693,761,846,844,799,674,621,754,782,692,797,764,684,662,741,774,672,656,635,597,783,786,759,767,672,787,608,795,808,651,222,0,0,0,0,0,0,0,0,0,0,0,0,0,0,0,0,0,0,0,0,0,0,0,0,0,0,0,0,0,0,0,0,0,0,0,0,0,0,0,0,0,0,0,0,0,0,0,0,0,0,0,0,0,0,0,0,0,0,0,0,0,0,0,0,0,0,0,0,0,0,0,0,0,0,0,0,0,0,0,0,0,0,0,0,0,0,0,0,0,0,0,0,0,0,0,0,0,0,0,0,0,0,0,0,0,0,0,0,0,0,0,0,0,0,0,0,0,0,0,0,0,0,0,0,0,0,0,0,0,0,0,0,0,0,0,0,0,0,0,0,0,0,782,844,720,829,752,710,688,939,619,673,831,778,754,856,812,772,549,635,681,650,755,1067,766,837,818,808,767,790,730,610,404.4,0,0,0,0,0,0,0,0,0,0,0,0,0,0,0,0,0,0,0,0,0,0,0,0,0,0,0,0,0,0,0,0,0,0,0,0,0,0,0,0,0,0,0,0,0,0,0,0,0,0,0,0,0,0,0,0,0,0,0,0,0,0,0,0,0,0,0,0,0,0,0,0,0,0,0,0,0,0,0,0,0,0,0,0,0,0,0,0,0,0,0,0,0,0,0,0,0,0,0,0,0,0,0,0,0,0,0,0,0,0,0,0,0,0,0,0,0,0,0,0,0,0,0,0,0,0,0,0,0,0,0,0,0,0,0,0,0,0,0,0,0,0,21
37,193,185,251,240,221,219,242,256,189,204,207,235,233,222,224,199,189,159,192,197,197,226,222,208,174,169,196,269,236,184,407,569,628,668,625,567,964,536,983,927,873,674,593,704,700,779,935,561,565,611,935,917,687,613,493,581,721,679,723,460,445,547,794,766,709,531,543,757,732,734,729,562,531,575,867,823,746,606,575,740,701,697,685,499,493,594,819,873,753,561,558,692,730,728,667,475,484,569,826,811,682,535,572,705,709,632,628,436,476,563,786,724,660,482,588,740,747,710,629,480,426,483,718,729,696,563,514,706,640,673,656,516,485,539,759,731,723,554,473,621,611,657,598,447,424,446,698,706,662,522,443,571,505,558,562,407,418.560747663551,516,724,685,520,544,459,581,576.095238095238,526,482,356,352,516,590,562,521,90,90,76,76,56,100,51,82,68,68,72,91,88,59,101,117,76,75,49,87,81,62,62,81,75,90,96,61,73,73,23,0,0,0,0,0,0,0,0,0,0,0,0,0,0,0,0,0,0,0,0,0,0,0,0,0,0,0,0,0,0,0,0,0,0,0,0,0,0,0,0,0,81,88,93,100,90,102,90,91,91,95,95,101,95,96,104,108,99,89,90,97,103,110,93,100,18,0,0,0,0,0,0,0,0,0,0,0,0,0,0,0,0,0,0,0,0,0,0,0,0,0,0,0,0,0,0,0,0,0,0,0,0,0,0,0,0,0,0,0,0,0,0,0,0,0,0,0,0,0,0,0,0,0,0,0,0,0,0,0,0,0,0,0,0,0,0,0,0,0,0,0,0,0,0,0,0,0,0,0,0,0,0,0,0,0,0,0,0,0,0,0,0,0,0,0,0,0,0,0,0,0,0,0,0,0,0,0,0,0,0,0,0,0,0,0,0,0,0,0,0,0,0,0,0,0,0,0,0,0,0,0,0,0,0,0,0,0,0,0,0,0,0,0,0,0,0,0,0,0,0,0,0,0,0,0,0,0,0,0,0,0,0,0,0,0,0,0,0,0,0,0,0,0,0,0,0,0,0,0,0,0,0,0,0,0,0,0,0,0,0,0,0,0,0,0,0,0,0,0,0,0,0,0,0,0,0,0,0,0,0,0,0,0,0,0,0,0,0,0,0,0,0,0,0,0,0,0,0,0,0,0,0,0,0,0,0,0,0,0,0,0,0,0,0,0,22
38,146,174,197,205,179,133,165,213,198,162,233,180,205,146,249,197,203,158,181,243,198,191,212,183,168,197,316,245,220,188,69,0,0,0,0,0,0,0,0,0,0,0,0,0,0,0,0,0,0,0,0,0,0,0,0,0,0,0,0,0,0,0,0,0,0,0,0,0,0,0,0,0,0,0,0,0,0,0,0,0,0,0,0,0,0,0,0,0,0,0,0,0,0,0,0,0,0,0,0,0,0,0,0,0,0,0,0,0,0,0,0,0,0,0,0,0,0,0,0,0,0,0,0,0,0,0,0,0,0,0,0,0,0,0,0,0,0,0,0,0,0,0,0,0,0,0,0,0,0,0,0,0,0,0,0,0,0,0,0,0,0,0,0,0,0,0,0,0,0,0,0,0,0,0,0,0,0,0,0,0,0,0,0,0,0,0,0,0,0,0,0,0,0,0,0,0,0,0,0,0,0,0,0,0,0,0,0,0,0,0,0,0,0,0,0,0,0,0,0,0,0,0,0,0,0,0,0,0,0,0,0,0,0,0,0,0,0,0,0,0,0,0,0,0,0,0,0,0,0,0,0,0,0,0,0,0,0,0,0,0,0,0,0,0,0,0,0,0,0,0,0,0,0,0,0,0,0,0,0,0,0,0,0,0,0,0,0,0,0,0,0,0,0,0,0,0,0,0,0,0,0,0,0,0,0,0,0,0,0,0,0,0,0,0,0,0,0,0,0,0,0,0,0,0,0,0,0,0,0,0,0,0,0,0,0,0,0,0,0,0,0,0,0,0,0,0,0,0,0,0,0,0,0,0,0,0,0,0,0,0,0,0,0,0,0,0,0,0,0,0,0,0,0,0,0,0,0,0,0,0,0,0,0,0,0,0,0,0,0,0,0,0,0,0,0,0,0,0,0,0,0,0,0,0,0,0,0,0,0,0,0,0,0,0,0,0,0,0,0,0,0,0,0,0,0,0,0,0,0,0,0,0,0,0,0,0,0,0,0,0,0,0,0,0,0,0,0,0,0,0,0,0,0,0,0,0,0,0,0,0,0,0,0,0,0,0,0,0,0,0,0,0,0,0,0,0,0,0,0,0,0,0,0,0,0,0,0,0,0,0,0,0,0,0,0,0,0,0,0,0,0,0,0,0,0,0,0,0,0,0,0,0,0,0,0,0,0,0,0,23
39,502,341,483,404,509,448,392,370,505,397,501,477,443,455,472,426,415,363,425,379,398,441,440,467,434,421,447,435,410,346,296,328,313,366,440,433,410,395,494,485,441,397,402,352,367,406,453,405,435,342,468,418,389,389,345,390,378,374,431,312,315,370,442,442,385,361,405.5,395,406,439,440,376,364,403,422,381,393,357,358,360,360,365,395,353,334,369,418,439,404,366,374,395,428,406,424,390,364,396,420,417,383,348,377,379,408,425,405,388,379,400,446,444,472,316,428,426,465,451,459,408,403,421,442,435,422,372,382,407,394,415,420,385,361,394,421,409,432,361,345,375,396,390,420,382,392,400,448,459,431,425,378,369,370,375,380,348,314.18691588785,359,391,384,345,349,312,313,336.666666666667,367,359,310,282,359,348,360,358,296,322,282,293,268,314,283,281,254,242,329,260,291,292,306,253,231,234,279,163,328,225,235,225,237,244,325,349,238,316,187,157,133,194,211,262,249.5,188,188,950,216,211,215,231,243,250,147,221,214,159,224,221,216,159,231,205,255,238,228,199,201,203,212,196,157,185,201,199,169,224,204,195,212,225,212,168,189,206,186,193,157,175,174,192,219,213,198,229,200,182,198,230,247,248,260,226,216,221,212,212,180,198,219,201,230,238,199,234,190,231,201,204,131,195,188,202,248,238,219,215,221,222,223,204,211,205,201,143,201,217,206,230,226,233,199,215,181,173,159,185,197,196,238,214,191,229,232,196,184,208,203,177,127,168,190,180,157,0,169,212,168,164,170,0,171,211,184,163,129,151,135,172,135,269,255,250,261,255,254,217,254,222,262,270,306,258,312,291,288,246,206,230,62,204,266,269,250,217,266,226,438,192,125,102.4,131,139,195,200,211,238,232,197,160,183,181,180,162,167,215,156,204,181,189,172,153,142,159,182,147,172,157,192,163,151,164,141,146,113,121,157,174,172,206,181,202,181,186,177,177,167,166,142,169,143,158,166,171,193,190,204,215,181,142,185,181,196,221,188,208,175,223,199,200,191,177,199,174,201,268,220,205,142,198,181,143,116,163,205,209,236,229,222,239,230,245,219,246,222,165,191,185,180,184,194,230,230,202,182,180,176,187,159,179,180,204,219,196,214,220,214,225,188,207,177,188,201.25,175,155,196,177.458823529412,205,148,216,159,171.333333333333,168,160,159.4,206,164,211,161,170.25,167,187,145,24
40,556,578,571,515,449,444,410,464,496,495,581,548,535,467,533,564,532,466,543,595,619,676,758,756,733,715,811,786,637,589,956,1286,1232,1341,1259,1493,1114,896,1303,1448,1270,1041,1217,1125,1116,1306,1273,1198,894,837,1219,1366,1233,930,1412,1332,1187,1546,1423,1137,938,909,1333,1537,1329,887,1253,1280,1121,1295,1295,1198,907,827,1167,1583,1258,1087,1293,1291,1317,1189,1310,1174,895,906,1256,1551,1346,1022,1302,1286,1289,1281,1338,1047,866,958,1422,1536,1433,1128,1401,1410,1392,1221,1247,1141,1034,903,1307,1559,1349,1002,1191,1032,1118,1079,1139,1044,828,696,1043,1289,1095,761,1058,1038,916,1004,1033,856,669,628,780,1076,909,771,886,892,956,928,974,880,649,604,778,1131,975,695,905,912,902,951,991,808,555.356223175966,498,802,1023,811,840,843,815,791.285714285714,772,838,777,534,498,780,964,863,311,350,343,302,303,298,227,330,347,266,322,383,194,388,305,343,304,297,409,377,361,360,330,378,339,327,322,377,330,339,333,307,464,433,400,450,418.5,446,446,239,414,436,392,417,498,439,372,420,469,264,325,352,383,276,305,295,334,414,231,276,256,231,198,343,331,275,300,261,267,284,281,292,305,330,292,344,278,250,234,287,294,279,276,296,316,286,276,353,284,255,246,258,313,299,326,295,290,319,367,370,284,281,291,279,308,313,321,295,276,285,315,397,294,320,271,250,312,297,306,340,336,297,313,328,265,246,269,247,244,277,261,135,228,244,270,269,237,188,215,216,239,213,216,284,201,185,220,230,203,192,245,227,228,233,202,206,159,170,216,242,185,212,206,196,196,184,226,210,275,210,255,247,210,191,212,185,162,140,161,153,172,169,170,226,221,216,172,179,227,210,198,194,227,202,288,233,257,246,218,277,305,202,186,197.8,150,163,153,209,207,146.4,176,179,207,165,192,197,214,186,199,143,180,179,194,236,172,152,174,99,125,141,225,121,173,148,151,110,156,159,133,133,176,140,124,148,146,172,164,174,162,121,127,129,151,138,137,148,146,171,169,178,178,175,127,138,162,154,194,161,188,154,163,187,194,131,135,150,157,164,159,183,161,182,203,195,193,149,143,133,132,153,154,165,150,196,180,177,185,134,142,139,162,167,145,142,135,196,145,141,120,109,110,101,102,167,118,120,148,129,131,149,121,78,110,115,133,65.25,113,106,108,101.368421052632,99,110,120,127,96,141,97,108,107,99,123,130,128,143,133.5,135,25
41,0,0,0,0,0,0,0,0,0,0,0,0,0,0,0,0,0,0,0,0,0,0,0,0,0,0,0,0,0,0,0,0,0,0,0,0,0,0,0,0,0,0,0,0,0,0,0,0,0,0,0,0,0,0,0,0,0,0,0,0,0,0,0,0,0,0,0,0,0,0,0,0,0,0,0,0,0,0,0,0,0,0,0,0,0,0,0,0,0,0,0,0,0,0,0,0,0,0,0,0,0,0,0,0,0,0,0,0,0,0,0,0,0,0,0,0,0,0,0,0,0,0,0,0,0,0,0,0,0,0,0,0,0,0,0,0,0,0,0,0,0,0,0,0,0,0,0,0,0,0,0,0,0,0,0,0,0,0,0,0,0,0,0,0,0,0,0,0,0,0,0,0,0,0,0,0,0,0,0,0,0,0,0,0,0,0,0,0,0,0,0,0,0,0,0,0,0,0,0,0,0,0,0,0,0,0,0,0,0,0,0,0,0,0,0,0,0,0,0,0,0,0,0,0,0,0,0,0,0,0,0,0,0,0,0,0,0,0,0,0,0,0,0,0,0,0,0,0,0,0,0,0,0,0,0,0,0,0,0,0,0,0,0,0,0,0,0,0,0,0,0,0,0,0,0,0,0,0,0,0,0,0,0,0,0,0,0,0,0,0,0,0,0,0,0,0,0,0,0,0,0,0,0,0,0,0,0,0,0,0,0,0,0,0,0,0,0,0,0,0,0,0,0,0,0,0,0,0,0,0,0,0,0,0,0,0,0,0,0,0,0,0,0,0,0,0,0,0,0,0,0,0,0,0,0,0,0,0,0,0,0,0,0,0,0,0,0,0,0,0,0,0,0,0,0,0,40,0,0,0,0,0,0,0,0,0,0,0,0,0,0,0,0,0,0,0,0,0,0,0,0,0,0,0,0,0,0,0,0,0,0,0,0,0,0,0,0,0,0,0,0,0,0,0,0,0,0,0,0,0,0,0,0,0,0,0,0,0,0,0,0,0,0,0,0,0,0,0,0,0,0,0,0,0,0,0,0,0,0,0,0,0,0,0,0,0,0,0,0,0,0,0,0,0,0,0,0,0,0,0,0,0,0,0,0,0,0,0,0,0,0,0,0,0,0,0,0,0,0,0,0,0,0,0,0,0,0,0,0,0,0,0,0,0,0,0,0,0,0,26
42,0,0,0,0,0,0,0,0,0,0,0,0,0,0,0,0,0,0,0,0,0,0,0,0,0,0,0,0,0,0,271,293,300,345,337,333,375,327,357,329,339,280,309,296,336,282,174,307,302,284,298,274,264,263,253,238,260,253,322,249,263,264,290,287,278,235,244.5,249,262,274,281,270,281,268,286,278,272,261,260,269,282,274,284,276,260,262,286,270,243,249,242,270,259,283,261,223,284,344,467,480,465,382,383,496,518,472,507,409,418,422,626,591,587,452,507,612,629,604,573,502,500,454,641,610,560,454,402,549,527,549,533,405,439,457,640,627,618,514,424,535,578,514,543,417,433,391,640,630,586,528,416,527,475,493,490,390,428.129353233831,383,662,613,475,533,399,483,524.666666666667,536,608,391,366,383,549,532,471,0,0,0,0,0,0,0,0,0,0,0,0,0,0,0,0,0,0,0,0,0,0,0,0,0,0,0,0,0,0,96,162,177,211,202,236,322,187,226,574,161,184,184,184,184,208,173,168,195,181,169,177,164,178,155,109,121,124,154,129,122,125,144,137,123,139,122,121,125,129,128,116,115,120,146,119,115,122,118,119,92,111,111,120,106,112,123,121,118,114,95,133,111,144,134,116,100,130,116,110,116,118,117,120,105,106,118,109,102,123,124,109,128,105,98,89,124,101,121,139,101,130,125,124,101,104,98,56,100,137,85,111,96,84,89,103,96,96,75,91,100,104,88,111,87,107,102,92,95,116,108,86,87,76,82,86,0,96,88,94,81,89,93,71,82.6,82,74,81,58,70,71,87,71,0,0,0,0,0,0,0,0,0,0,0,0,0,0,0,0,0,0,0,0,0,0,0,0,0,0,0,0,0,0,34.8,122,85,110,114,133,120,169,123,146,128,92,103,109,116,128,129,134,119,108,112,124,111,122,93,0,0,0,0,0,0,0,0,0,0,0,0,0,0,0,0,0,0,0,0,0,0,0,0,0,0,0,0,0,0,0,0,0,0,0,0,0,0,0,0,0,0,0,0,0,0,0,0,0,0,0,0,0,0,0,0,0,0,0,0,0,0,0,0,0,0,0,0,0,0,0,0,0,0,0,0,0,0,0,0,0,0,0,0,0,0,0,0,0,0,0,0,0,0,0,0,0,0,0,0,0,0,0,0,0,0,0,0,0,0,0,0,0,0,0,0,0,0,27
43,0,0,0,0,0,0,0,0,0,0,0,0,0,0,0,0,0,0,0,0,0,0,0,0,0,0,0,0,0,0,0,0,0,0,0,0,0,0,0,0,0,0,0,0,0,0,0,0,0,0,0,0,0,0,0,0,0,0,0,0,0,0,0,0,0,0,0,0,0,0,0,0,0,0,0,0,0,0,0,0,0,0,0,0,0,0,0,0,0,0,0,0,0,0,0,0,0,0,0,0,0,0,0,0,0,0,0,0,0,0,0,0,0,0,0,0,0,0,0,0,0,0,0,0,0,0,0,0,0,0,0,0,0,0,0,0,0,0,0,0,0,0,0,0,0,0,0,0,0,0,0,0,0,0,0,0,0,0,0,0,0,0,0,0,0,0,0,0,0,0,0,0,0,0,0,0,0,0,0,0,0,0,0,0,0,0,0,0,0,0,0,0,0,0,0,0,0,0,0,0,0,0,0,0,0,0,0,0,0,0,0,0,0,0,0,0,0,0,0,0,0,0,0,0,0,0,0,0,0,0,0,0,0,0,0,0,0,0,0,0,0,0,0,0,0,0,0,0,0,0,0,0,0,0,0,0,0,0,0,0,0,0,0,0,0,0,0,0,0,0,0,0,0,0,0,0,0,0,0,0,0,0,0,0,0,0,0,0,0,0,0,0,0,0,0,0,0,0,0,0,0,0,0,0,0,0,0,0,0,0,0,0,0,0,0,0,0,0,0,0,0,0,0,0,0,0,0,0,0,0,0,0,0,0,0,0,0,0,0,0,0,0,0,0,0,0,0,0,0,0,0,0,0,0,0,0,0,0,0,0,0,0,0,0,0,0,0,0,0,0,0,0,0,0,0,0,37.2,64,138,122,110,106,85.6,129,117,134,101,109,88,99,85,107,104,153,121,87,71,89,81,85,27,0,0,0,0,0,0,0,0,0,0,0,0,0,0,0,0,0,0,0,0,0,0,0,0,0,0,0,0,0,0,0,0,0,0,0,0,0,0,0,0,0,0,0,0,0,0,0,0,0,0,0,0,0,0,0,0,0,0,0,0,0,0,0,0,0,0,0,0,0,0,0,0,0,0,0,0,0,0,0,0,0,0,0,0,0,0,0,0,0,0,0,0,0,0,0,0,0,0,0,0,0,0,0,0,0,0,0,0,0,0,0,0,0,0,0,0,0,0,28
44,53,33,36,36,35,30,30,35,34,41,32,34,35,43,40,46,53,43,31,39,46,49,37,54,39,37,45,35,22,29,11,0,0,0,0,0,0,0,0,0,0,0,0,0,0,0,0,0,0,0,0,0,0,0,0,0,0,0,0,0,0,0,0,0,0,0,0,0,0,0,0,0,0,0,0,0,0,0,0,0,0,0,0,0,0,0,0,0,0,0,0,0,0,0,0,0,0,0,0,0,0,0,0,0,0,0,0,0,0,0,0,0,0,0,0,0,0,0,0,0,0,0,0,0,0,0,0,0,0,0,0,0,0,0,0,0,0,0,0,0,0,0,0,0,0,0,0,0,0,0,0,0,0,0,0,0,0,0,0,0,0,0,0,0,0,0,0,0,0,0,0,0,0,0,0,0,0,0,0,0,0,0,0,0,0,0,0,0,0,0,0,0,0,0,0,0,0,0,0,0,0,0,0,0,0,0,0,0,0,0,0,0,0,0,0,0,0,0,0,0,0,0,0,0,0,0,0,0,0,0,0,0,0,0,0,0,0,0,0,0,0,0,0,0,0,0,0,0,0,0,0,0,0,0,0,0,0,0,0,0,0,0,0,0,0,0,0,0,0,0,0,0,0,0,0,0,0,0,0,0,0,0,0,0,0,0,0,0,0,0,0,0,0,0,0,0,0,0,0,0,0,0,0,0,0,0,0,0,0,0,0,0,0,0,0,0,0,0,0,0,0,0,0,0,0,0,0,0,0,0,0,0,0,0,0,0,0,0,0,0,0,0,0,0,0,0,0,0,0,0,0,0,0,0,0,0,0,0,0,0,0,0,0,0,0,0,0,0,0,0,0,0,0,0,0,0,0,0,0,0,0,0,0,0,0,0,0,0,0,0,0,0,0,0,0,0,0,0,0,0,0,0,0,0,0,0,0,0,0,0,0,0,0,0,0,0,0,0,0,0,0,0,0,0,0,0,0,0,0,0,0,0,0,0,0,0,0,0,0,0,0,0,0,0,0,0,0,0,0,0,0,0,0,0,0,0,0,0,0,0,0,0,0,0,0,0,0,0,0,0,0,0,0,0,0,0,0,0,0,0,0,0,0,0,0,0,0,0,0,0,0,0,0,0,0,0,0,0,0,0,0,0,0,0,0,0,0,0,0,0,0,0,0,0,0,0,0,0,0,29
45,62,56,90,54,94,87,60,62,72,56,95,68,0,0,0,0,0,0,0,0,0,0,0,0,0,0,0,0,0,0,308,282,285,311,341,347,306,303,346,373,329,291,546,292,384,306,266,272,259,199,220,189,177,147,170,174,181,169,226,175,176,182,192,183,175,157,182,172,165,165,168,148,147,159,168,160,172,157,143,146,156,152,156,140,136,150,150,166,151,127,133,141,149,146,158,160,172,213,229,197,196,169,165,142,137,156,201,189,184,194,197,210,205,178,217,203,219,229,230,213,213,207,209,206,202,172,167,197,200,206,209,188,183,188,191,193,199,207,176,176,182,194,203,210,199,204,211,223,204,177,170,185,156,155,188,176,153.534482758621,161,172,182,167,176,174,144,167.47619047619,154,156,128,127,161,141,152,151,36,55,32,34,35,31,42,62,41,24,59,45,0,0,0,0,0,0,0,0,0,0,0,0,0,0,0,0,0,0,114,164,118,204,191,206,265,190,163,149,182,184,398,190,180,197,166,141,165,61,105,105,90,89,73,79,64,68,85,95,79,76,78,76,54,62,68,72,64,77,67,73,68,60,57,69,64,66,0,0,0,0,0,0,0,0,0,0,0,0,0,0,0,0,0,0,0,0,0,0,0,0,0,0,0,0,0,0,0,0,0,0,0,0,0,0,0,0,0,0,0,0,0,0,0,0,0,0,0,0,0,0,0,0,0,0,0,0,0,0,0,0,0,0,0,0,0,0,0,0,0,0,0,0,0,0,0,0,0,0,0,0,0,0,0,0,0,0,0,0,0,0,0,39,24,14,11,8,14,18,79,64,48,33,44,0,0,0,0,0,0,0,0,0,0,0,0,0,0,0,0,0,0,0,90,71,104,111,109,121,103,71,119,93,95,198,89,99,92,78,83,85,56,65,71,53,47,53,0,0,0,0,0,0,0,0,0,0,0,0,0,0,0,0,0,0,0,0,0,0,0,0,0,0,0,0,0,0,0,0,0,0,0,0,0,0,0,0,0,0,0,0,0,0,0,0,0,0,0,0,0,0,0,0,0,0,0,0,0,0,0,0,0,0,0,0,0,0,0,0,0,0,0,0,0,0,0,0,0,0,0,0,0,0,0,0,0,0,0,0,0,0,0,0,0,0,0,0,0,0,0,0,0,0,0,0,0,0,0,0,0,0,0,0,0,0,30
46,524,551,827,922,870,634,705,732,639,643,898,805,597,596,866,863,784,819,809,702,790,823,811,642,534,757,872,750,769,695,653,739,815,778,901,944,845,785,1080,1055,957,912,1008,872,1034,946,962,768,678,902,963,1006,906,777,934,957,898,852,1135,666,504,516,1042,975,725,830,760,886,774,773,759,764,468,492,813,923,904,666,807,739,845,715,871,737,474,790,1024,881,811,663,623,699,894,689,754,420,409,669,819,819,929,750,856,778,886,628,660,516,539,579,819,739,709,570,625,568,722,649,586,442,418,572,751,727,698,541,640,575,688,548,607,376,370,511,663,668,572,502,622,557,698,672,730,391,369,520,844,817,741,638,607,648,738,670,801,437,390.590909090909,556,820,834,657,740,653,611,715.142857142857,612,749,414,324,556,710,723,645,136,150,133,134,194,167,172,172,182,186,186,161,197,111,205,213,202,235,220,251,204,183,221,181,185,221,158,255,216,233,145,150,175,168,185,138,152,247,247,194,226,209,204,151,193,188,202,200,93,176,190,207,147,201,164,163,137,150,148,144,133,149,143,161,185,147,151,119,143,134,152,125,146,118,165,166,148,120,139,137,117,96,112,171,189,214,172,175,144,140,119,143,125,161,130,113,108,134,116,148,149,144,130,102,143,146,152,147,143,168,163,169,182,195,135,145,124,165,218,131,125,176,140,215,115,125,109,122,142,108,108,0,115,122,129,117,126,108,94,99,119,96,110,118,121,118,123,141,102,131,107,112,106,114,115,116,144,104,123,117,110,77,118,98,110.4,100,123,88,127,84,131,105,95,117,92,104,108,103,107,98,155,167,142,156,123,121,138,138,130,113,100,88,97,106,115,117,174,97,111,125,191,164,103,125.6,129,143,97,176,153,115.2,133,133,146,167,160,174,69,158,132,159,112,142,113,182,157,133,124,50,0,0,0,0,0,0,0,0,0,0,0,0,0,0,0,0,0,0,0,0,0,0,0,0,0,0,0,0,0,0,0,0,0,0,0,0,0,0,0,0,0,0,0,0,0,0,0,0,0,0,0,0,0,0,0,0,0,0,0,0,0,0,0,0,0,0,0,0,0,0,0,0,0,0,0,0,0,0,0,0,0,0,0,0,0,0,0,0,0,0,0,0,0,0,0,0,0,0,0,0,0,0,0,0,0,0,0,0,0,0,0,0,0,0,0,0,0,0,31
47,891,893,1115,1195,1104,1071,1104,1005,1165,918,1096,1082,660,890,1047,1130,1031,987,1001,928,1034,1083,1074,1016,926,930,1130,988,974,958,824,897,961,960,1095,948,933,905,1124,1038,972,790,929,826,889,825,868,852,758,848,884,882,856,860,733,792,733,826,1005,732,752,751,870,888,770,733,757,795,807,804,820,794,822,804,847,841,835,785,757,746,773,784,781,842,827,839,870,870,867,761,738,787,811,844,832,803,753,794,819,791,779,754,717,739,777,835,810,805,780,824,861,855,839,699,812,848,900,881,905,796,825,898,1010,980,899,811,762,819,848,859,862,751,790,794,801,784,780,707,625,663,711,678,695,690,706,687,715,693,696,668,592,655,621,674,689,639,643.691235059761,670,758,709,619,673,607,581,661.095238095238,668,737,710,687,670,729,750,686,575,685,648,604,593,542,537,592,602,395,625,561,570,578,715,628,565,591,513,531,553,559,635,649,620,609,667,617,521,609,512,432,424,563,493,600,561.5,544,544,213,508,525,511,451,434,467,491,420,440,419,424,419,336,401,487,510,517,611,479,524,529,595,550,547,583,520,508,533,554,586,528,518,518,546,590,572,505,512,538,507,492,509,473,591,664,751,692,647,588,537,464,595,525,589,523,485,453,568,478,514,462,538,484,463,475,524,569,467,510,575,574,557,553,541,547,482,582,606,605,598,620,580,601,633,599,596,554,530,575,555,494,387,542,506,556,538,443,455,424,430,476,441,446,524,467,473,501,482,435,460,404,469,366,407,477,426,389,435,417,475,432,398,479,422,440.6,437,438,433,440,415,450,422,409,395,391,372,352,360,337,371,351,365,384,354,354,361,324,400,361,288,293,349,321,325,279,370,346,370,438,414,442,295,332,342.8,326,354,321,321,357,278.8,420,396,415,363,341,331,281,282,287,313,285,405,291,330,279,296,223,300,344,402,381,436,358,316,366,376,378,279,378,306,374,361,374,330,359,359,431,431,396,314,346,309,346,336,346,341,374,392,422,520,370,419,326,353,344,364,416,674,379,388,394,388,379,380,360,370,338,369,386,338,369,424,386,373,439,365,374,359,315,409,347,397,437,437,446,507,438,417,371,377,427,372,356,397,387,437,339,371,319,349,348,312,333,372,323,372,338,340,368,331,346,298,252,285,308,285.75,284,328,314,347.375,322,256,361,301,325.666666666667,316,274,326.4,283,313,312,285,334.25,335,317.5,316,32
48,0,0,0,0,0,0,0,0,0,0,0,0,377,370,390,579,467,394,392,444,462,470,581,498,362,374,466,463,361,321,386,572,205,455,423,392,406,390,453,537,434,446,388,506,451,425,412,480,465,439,435,403,408,340,315,325,306,293,367,310,327,321,364,402,359,328,361.5,337,356,369,371,349,367,380,403,326,350,327,341,355,354,353,379,388,408,433,448,415,393,369,418,421,425,410,403,374,366,369,374,369,353,334,365,339,348,346,363,315,310,343,376,360,356,340,352,359,352,370,370,367,313,309,322,330,311,298,302,310,308,312,313,297,283,281,302,282,274,258,257,267,294,255,272,248,243,260,283,281,240,229,227,227,218,223,238,216,204.914798206278,233,256,236,213,221,213,194,210.47619047619,221,218,181,174,233,204,200,193,0,0,0,0,0,0,0,0,0,0,0,0,237,260,214,340,362,351,296,305,402,287,331,455,310,273,294,296,257,350,221,201,194,214,241,202,226.5,166,166,715,231,169,181,214,236,256,176,255,169,206,184,218,229,179,179,168,171,174,183,183,185,171,156,125,160,135,161,147,135,168,170,163,169,176,186,185,149,167,150,151,144,159,175,195,210,225,176,233,189,140,141,175,163,173,160,180,178,153,137,153,158,146,125,132,143,141,163,162,121,136,129,152,144,144,145,139,135,165,158,175,131,148,127,145,125,137,102,167,134,134,139,104,135,146,125,152,90,116,124,144,132,127,134,132,125,120,123,112,121,97,125,92,87,101,112,103,86,100,115,115,120,102,89,120,85.6,102,117,89,85,97,87,84,92,0,0,0,0,0,0,0,0,0,0,0,0,174,227,232,238,191,189,282,296,346,275,335,372,315,271,186,397,170,150,168.6,107,76,133,118,123,132.8,192,119,156,142,71,202,135,153,343,144,305,481,168,91,119,132,88,93,89,109,149,93,106,105,106,86,93,93,80,97,104,106,101,114,115,119,126,124,117,105,99,110,105,109,121,125,148,155,156,145,134,128,97,134,142,123,159,105,127,110,115,102,136,111,101,107,110,98,109,109,94,118,101,105,67,81,89,99,105,114,106,104,120,86,120,105,106,98,87,99,136,85,107,98,104,86,99,104,106,78,85,81,94,85,82,88,74,83,78,86,83,70,67,79,72,83.75,79,68,72,68.3478260869565,66,51,63,64,61.8333333333333,69,69,66.8,70,61,69,55,72.75,64,61.5,49,33
49,0,0,0,0,0,0,0,0,0,0,0,0,428,453,483,676,639,406,561,443,618,570,722,656,456,584,603,471,333,279,421,336,443,418,402,378,363,353,425,437,499,404,419,327,494,380,357,403,347,319,344,314,302,237,248,235,232,230,280,232,253,248,306,314,301,273,288.5,290,304,298,326,295,277,295,335,346,290,295,264,264,280,268,274,281,273,293,301,285,272,231,231,258,259,275,267,259,255,264,291,307,267,248,250,244,253,261,291,268,247,265,288,277,276,244,282,293,297,287,301,288,239,267,274,268,252,225,228,224,235,234,236,209,208,228,249,235,232,215,200,191,213,204,221,194,204,200,233,216,202,199,194,188,186,184,181,178,154.986175115207,164,186,196,172,181,166,156,168.52380952381,184,202,159,164,164,174,186,176,0,0,0,0,0,0,0,0,0,0,0,0,261,247,264,339,368,345,428,390,531,287,324,450,379,326,322,215,246,221,192,175,252,217,238,167,213,189,189,228,211,193,190,193,184,140,145,181,169,146,169,231,177,128,161,146,131,149,141,150,154,154,121,111,118,151,132,121,120,133,122,134,130,132,127,151,126,118,106,152,128,127,151,125,137,144,142,157,118,110,120,133,121,134,131,134,138,137,114,129,124,137,122,139,132,154,124,123,133,146,139,166,130,136,149,152,161,164,145,164,132,156,157,145,129,107,109,108,115,113,117,67,117,120,122,125,125,117,99,82,99,103,98,87,83,100,94,102,111,108,104,90,86,99,94,88,86,99,100,122,85,98,95,95,81.8,97,98,97,75,89,86,91,81,0,0,0,0,0,0,0,0,0,0,0,0,228,251,235,326,239,194,248,336,370,689,377,356,324,197,228,228,186,179,167,83,156,197,186,146,126.8,148,129,221,138,121,149,122,172,149,120,113,79,153,170,106,114,69,87,74,90,109,70,81,98,105,67,86,62,58,79,78,79,91,83,88,84,83,79,82,89,78,78,71,81,82,74,83,78,76,81,81,57,54,57,82,57,97,76,81,74,63,67,77,61,56,79,68,71,75,101,79,82,78,67,114,67,60,79,72,89,84,84,81,69,77,74,73,66,72,70,70,53,71,63,67,69,67,86,72,63,82,48,44,53,56,59,59,58,63,53,58,52,54,45,37,49,51,52,57,54.9677419354839,65,52,51,60,46,50,45,43.4,60,51,69,53,55.25,54,39.25,40,34
51,471,614,895,887,906,639,1009,855,815,754,1233,786,613,729,1029,895,1074,827,881,975,942,953,1131,820,618,740,1095,1085,858,912,957,1080,1109,1063,1250,805,759,932,1253,1254,1310,961,1134,1128,1190,1109,1196,869,607,997,1229,1213,1089,1092,1042,1069,1132,1173,1230,635,541,530,1189,1249,1118,793,850.5,960,1085,1020,1174,739,594,838,1058,1219,1367,1039,1180,1014,1163,993,1131,792,718,1153,1325,1296,1289,1177,1443,1205,1418,1175,1459,719,545,995,1399,1265,1291,1155,1153,1228,1310,1077,1108,874,814,975,1226,1352,1195,919,862,758,991,953,965,648,530,677,891,997,1019,713,0,0,0,0,0,0,0,0,0,0,0,0,0,0,0,0,0,0,0,0,0,0,0,0,0,0,0,0,0,0,0,0,0,0,0,0,0,0,0,0,0,0,0,0,0,0,0,183,185,155,140,129,128,108,129,186,143,183,130,193,153,122,133,151,114,133,125,131,159,175,144,160,162,153,143,134,163,177,0,0,0,0,0,0,0,0,0,0,0,0,0,0,0,0,0,0,0,0,0,0,0,0,0,0,0,0,0,0,0,0,0,0,0,0,0,0,0,0,0,0,0,0,0,0,0,0,0,0,0,0,0,0,0,0,0,0,0,0,0,0,0,0,0,0,0,0,0,0,0,0,0,0,0,0,0,0,0,0,0,0,0,0,0,0,0,0,0,0,0,0,0,0,0,0,0,0,0,0,0,0,0,0,0,0,0,0,0,0,0,0,0,0,0,0,0,0,0,0,0,0,0,0,0,0,0,0,0,0,0,0,0,0,0,0,0,0,0,0,0,0,0,0,0,0,0,0,0,0,0,0,0,0,0,0,0,0,0,0,0,0,0,0,0,0,0,0,0,0,0,0,0,0,0,0,0,0,0,0,0,0,0,0,0,0,0,0,0,0,0,0,0,0,0,0,0,0,0,0,0,0,0,0,0,0,0,0,0,0,0,0,0,0,0,0,0,0,0,0,0,0,0,0,0,0,0,0,0,0,0,0,0,0,0,0,0,0,0,0,0,0,0,0,0,0,0,0,0,0,0,0,0,0,0,0,0,0,0,0,0,0,0,0,0,0,0,0,0,0,0,0,0,0,0,0,0,0,0,0,0,0,0,0,0,0,0,0,0,0,0,0,0,0,0,0,0,0,0,0,0,0,0,0,0,0,0,0,0,0,0,0,0,0,0,35
52,109,188,268,456,405,125,209,378,408,394,396,278,251,211,302,420,279,220,342,337,414,290,379,348,222,120,367,576,486,186,436,362,347,379,356,323,301,133,322,525,376,263,339,441,380,409,482,342,322,236,380,520,586,236,454,450,372,461,430,359,348,369,354,833,502,253,568.5,471,420,475,440,374,243,141,287,590,473,268,448,470,463,405,468,422,254,179,345,588,513,300,481,495,446,421,449,413,266,201,486,615,541,374,521,496,501,444,452,395,353,218,409,661,556,334,602,525,530,587,546,447,315,233,465,706,611,340,587,614,455,574,524,479,302,215,368,695,608,454,488,541,523,489,517,477,289,234,347,617,580,401,493,457,298,673,627,493,260.173913043478,196,329,610,331,402,494,423,427.857142857143,359,448,350,242,196,313,556,439,0,0,0,0,0,0,0,0,0,0,0,0,0,0,0,0,0,0,0,0,0,0,0,0,0,0,0,0,0,0,0,0,0,0,0,0,0,0,0,0,0,0,0,0,0,0,0,0,0,0,0,0,0,0,0,0,0,0,0,0,0,0,0,0,0,0,0,0,0,0,0,0,0,0,0,0,0,0,0,0,0,0,0,0,0,0,0,0,0,0,0,0,0,0,0,0,0,0,0,0,0,0,0,0,0,0,0,0,0,0,0,0,0,0,0,0,0,0,0,0,0,0,0,0,0,0,0,0,0,0,0,0,0,0,0,0,0,0,0,0,0,0,0,0,0,0,0,0,0,0,0,0,0,0,0,0,0,0,0,0,0,0,0,0,0,0,0,0,0,0,0,0,0,0,0,0,0,0,0,0,0,0,0,0,0,0,0,0,0,0,0,0,0,0,0,0,0,0,0,0,0,0,0,0,0,0,0,0,0,0,0,0,0,0,0,0,0,0,0,0,0,0,0,0,0,0,0,0,0,0,0,0,0,0,0,0,0,0,0,0,0,0,0,0,0,0,0,0,0,0,0,0,0,0,0,0,0,0,0,0,0,0,0,0,0,0,0,0,0,0,0,0,0,0,0,0,0,0,0,0,0,0,0,0,0,0,0,0,0,0,0,0,0,0,0,0,0,0,0,0,0,0,0,0,0,0,0,0,0,0,0,0,0,0,0,0,0,0,0,0,0,0,0,0,0,0,0,0,0,0,0,0,0,0,0,0,0,0,0,0,0,0,0,0,0,0,36
53,298,373,781,723,647,451,628,545,706,704,702,466,419,592,733,907,749,668,703,819,757,705,810,523,420,496,718,799,701,667,731,974,1071,940,1007,832,726,665,1051,1061,1001,776,1047,832,931,812,912,840,641,837,902,905,911,620,747,835,810,810,962,796,624,600,1042,1050,625,615,673.2,760,819,785,907,797,640,667,939,900,871,723,901,863,975,838,1009,812,703,759,935,1021,938,808,859,906,975,841,950,744,561,748,904,971,939,796,919,893,919,811,841,703,729,775,928,989,833,653,705,667,845,744,820,625,529,635,906,970,851,628,795,747,879,758,838,535,498,608,801,956,925,616,773,719,796,677,817,523,409,595,773,833,794,502,762,733,766,705,792,512,437.576388888889,506,858,890,771,727,783,712,881.904761904762,661,783,512,432,506,871,830,743,0,0,0,0,0,0,0,0,0,0,0,0,0,0,0,0,0,0,0,0,0,0,0,0,0,0,0,0,0,0,0,0,0,0,0,0,0,0,0,0,0,0,0,0,0,0,0,0,0,0,0,0,0,0,0,0,0,0,0,0,0,0,0,0,0,0,0,0,0,0,0,0,0,0,0,0,0,0,0,0,0,0,0,0,0,0,0,0,0,0,0,0,0,0,0,0,0,0,0,0,0,0,0,0,0,0,0,0,0,0,0,0,0,0,0,0,0,0,0,0,0,0,0,0,0,0,0,0,0,0,0,0,0,0,0,0,0,0,0,0,0,0,0,0,0,0,0,0,0,0,0,0,0,0,0,0,0,0,0,0,0,0,0,0,0,0,0,0,0,0,0,0,0,0,0,0,0,0,0,0,0,0,0,0,0,0,0,0,0,0,0,0,0,0,0,0,0,0,0,0,0,0,0,0,0,0,0,0,0,0,0,0,0,0,0,0,0,0,0,0,0,0,0,0,0,0,0,0,0,0,0,0,0,0,0,0,0,0,0,0,0,0,0,0,0,0,0,0,0,0,0,0,0,0,0,0,0,0,0,0,0,0,0,0,0,0,0,0,0,0,0,0,0,0,0,0,0,0,0,0,0,0,0,0,0,0,0,0,0,0,0,0,0,0,0,0,0,0,0,0,0,0,0,0,0,0,0,0,0,0,0,0,0,0,0,0,0,0,0,0,0,0,0,0,0,0,0,0,0,0,0,0,0,0,0,0,0,0,0,0,0,0,0,0,0,0,37
54,1130,935,1213,1139,1261,921,1049,1239,1152,1161,1222,1159,1165,1042,1160,1232,1058,899,1067,1090,1104,1216,1148,1235,1140,1118,1412,1375,1341,1181,1069,1074,1107,1022,1043,1110,1132,1048,1246,1309,1174,887,1105,1155,1082,1139,1098,994,1012,903,1069,1079,1086,885,987,960,905,1105,1044,932,850,835,1057,1069,1080,841,1150.5,1156,1078,1273,1073,995,938,904,1053,1146,1125,919,1075,1088,1150,1089,1210,1161,1015,899,1080,1299,1189,951,1109,1180,1218,1217,1279,1164,1105,1007,1106,1338,1214,952,1148,1137,1208,1158,1202,1121,1020,1007,1157,1284,1153,900,1077,1093,1106,1106,1118,1112,989,951,1107,1180,1097,800,977,977,1004,984,986,928,881,841,877,1027,1021,976,916,951,948,969,978,907,850,868,906,1065,1038,754,933,959,922,908,999,877,800.859154929578,782,913,1037,883,885,870,886,905.142857142857,902,948,848,798,782,988,1060,978,416,532,431,440,452,390,473,407,457,345,463,449,416,436,389,512,439,425,402,422,562,525,565,562,524,485,557,536,614,569,135,370,458,464,481,523,530.5,617,617,627,622,635,477,568,606,543,450,502,423,476,451,511,486,436,465,486,388,398,441,458,412,413,434,452,378,416,367,430,390,399,395,364,389,371,387,418,377,363,367,390,369,365,420,441,400,393,412,450,424,369,395,400,411,425,449,422,434,395,381,434,429,367,416,381,391,378,388,344,350,404,437,462,356,358,378,374,399,405,393,389,348,360,329,413,403,342,346,302,330,340,342,234,308,293,313,326,280,313,312,325,355,358,261,291,276,300,326,303,343,350,364,351,333,348,363,325,312,345,315,352,313,333,297,293,294.8,327,313,286,313,341,380,363,324,364,339,346,293,323,269,298,310,331,261,298,394,289,310,349,313,335,284,309,288,281,384,361,404,327,374,382,450,344,307,274,226,243,251,253,304,223.2,296,337,299,352,276,291,284,269,290,251,306,244,246,268,222,215,265,244,274,304,307,295,296,257,274,275,234,229,212,260,302,279,284,252,256,268,250,266,279,230,264,249,256,249,255,269,304,284,272,271,331,316,261,290,315,293,324,315,327,323,358,320,328,291,272,275,302,305,283,311,279,289,287,301,283,266,249,245,255,329,272,268,284,263,249,256,280,258,247,235,292,249,247,224,234,263,224,221,213,182,255,222,225,249,256,224,227,237,204,207,297,241,236,260,275,264,269,253,237,246.729166666667,250,217,276,279,318,228,229,249,255,273,268,260,351.5,286,311.5,281,38
55,1908,2026,2357,2510,2526,2103,2524,2396,2404,2445,2653,2227,2261,2487,2940,2827,2593,2294,2527,2485,2463,2482,2433,2170,1916,2104,2770,2912,2509,2367,2495,2640,2842,2837,2836,2786,2733,2521,2989,3318,3074,2448,2928,2783,2905,2746,2788,2436,2159,2306,3117,2966,3168,2645,2722,2622,2631,2668,2606,2362,2095,2002,3099,3081,2800,2520,2830,2985,3129,3087,3194,2891,2513,2448,2993,3167,2847,2760,2976,2912,3071,2822,2946,2497,2325,2448,2932,3140,2940,2583,2772,2848,2989,2775,2944,2241,1953,2447,2861,3036,2901,2614,2843,2826,3014,2696,2717,2413,2475,2642,3191,3262,3121,2648,2624,2440,2836,2681,2881,2452,2198,2358,2785,3019,2670,2044,2545,2456,2626,2519,2592,2051,1783,1906,2351,2404,2241,1790,2106,2083,2281,2204,2364,1845,1643,1904,2207,2380,2202,1716,2000,1992,2103,2004,2204,1670,1513.62025782689,1730,2304,2438,2058,1978,2084,1956,2148.7619047619,2028,2130,1703,1572,1729,2452,2548,2332,866,864,760,760,874,674,681,819,707,649,643,758,799,834,1017,871,759,761,822,783,786,774,701,919,718,742,830,935,828,960,691,772,995,977,1018,1044,987,1053,1053,1211,1209,1095,1120,1067,948,1018,903,938,940,883,1073,1034,986,895,943,825,919,931,875,958,873,869,933,951,850,891,930,1055,1054,1053,1046,965,977,1092,977,1080,1017,940,992,949,957,959,951,929,910,1093,981,987,927,924,857,894,933,878,950,877,863,843,874,916,905,896,920,879,965,890,966,934,889,1009,1112,906,871,870,908,974,1042,1063,1017,1062,1106,1031,993,1317,987,941,832,381,810,967,811,544,851,854,936,868,787,741,701,762,769,757,755,777,697,783,768,756,704,740,720,671,667,701,762,638,602,734,708,742,662,666,739,588,620,654,665,753,763,718,773,736,736,580,512,521,576,587,487,499,538,598,578,627,545,562,462,703,613,514,363,429,587,541,561,619,592,514,413,519,790,510,602,533.4,607,697,557,734,810,566.8,872,897,778,756,686,732,603,623,629,795,845,782,682,771,772,773,583,608,627,740,679,632,652,607,573,483,547,469,528,625,699,616,656,691,716,655,619,641,640,523,649,633,680,609,648,628,648,625,559,602,638,552,515,609,689,675,677,699,662,606,637,647,652,583,559,585,653,693,647,616,679,746,912,1026,775,632,592,547,561,748,656,683,725,636,646,660,727,601,546,601,653,544,498,577,544,636,559,563,494,487,441,433,493,544,526,458,423,506,544,497,537,463,444,454,430,476.75,465,447,411,469.38679245283,468,406,532,517,475.166666666667,478,313,440.8,443,497,537,459,508.75,449,507,459,39
57,1070,1015,1290,1233,1291,1056,1041,1168,1191,1093,1309,1203,1295,1281,1310,1353,1218,1037,1018,1164,1241,1351,1267,1231,1204,1205,1542,1449,1238,1049,1225,1549,1750,1713,1658,1807,1971,1797,2125,2010,1844,1444,1512,1674,1699,1642,1625,1621,1580,1487,1753,1585,1660,1266,1314,1680,1566,1474,1793,1465,1400,1363,1724,1827,1650,1268,1388.5,1643,1640,1648,1647,1553,1518,1497,1790,1708,1196,1376,1392,1671,1608,1660,1674,1580,1517,1562,1879,1869,1635,1400,1479,1662,1756,1615,1677,1630,1440,1517,1844,1815,1678,1414,1493,1701,1768,1658,1721,1601,1547,1630,1978,1868,1495,1180,1230,1475,1670,1588,1576,1473,1422,1419,1748,1791,1466,1271,1238,1412,1418,1422,1466,1356,1263,1248,1581,1608,1587,1223,1138,1317,1339,1452,1447,1259,1208,1140,1539,1427,1346,1121,1050,1331,1255,1379,1364,1180,1153.91180654339,1215,1625,1548,1413,1330,1179,1287,1439.2380952381,1361,1411,1190,1178,1215,1642,1548,1375,495,591,494,476,503,473,477,514,466,484,527,483,391,463,547,575,412,455,342,595,519,417,590,471,548,501,481,488,436,491,451,746,803,833,887,906,905,821,821,1018,979,1089,937,889,829,971,964,1058,868,939,952,891,799,695,844,750,782,921,913,771,748,810,840,756,727,790,760,791,845,983,855,768,855,895,865,886,604,963,721,832,732,881,867,889,866,993,874,868,729,742,674,813,900,898,841,877,800,826,864,798,737,756,729,703,807,785,906,781,836,925,1003,942,695,675,700,915,901,816,856,871,911,811,704,821,724,728,605,515,684,789,709,560,721,711,804,704,587,665,584,674,652,659,736,671,663,658,710,667,651,575,682,678,603,650,635,685,581,697,705,756,608,626,637,505,593.8,688,525,641,635,626,807,751,680,417,468,401,368,369,304,321,349,272,396,387,420,390,400,395,388,366,263,343,314,416,487,437,454,477,408,460,419,421,250,323.2,579,610,703,723,831,602.8,746,776,786,611,595,581,565,732,625,708,662,641,539,642,583,498,527,550,481,473,464,551,448,491,477,509,492,426,395,395,476,468,474,431,492,517,514,511,485,326,454,390,466,453,492,474,509,499,469,603,465,467,375,405,475,480,476,622,471,469,480,485,428,440,449,411,434,475,495,458,459,715,796,1072,933,760,614,405,348,512,439,542,524,490,638,571,724,624,528,669,644,516,533,533,560,490,527,518,695,630,563,396,473,516,511,477,508,610,558,609,517,582,501,469,470,525.5,480,509,559,553.378378378378,556,471,622,510,600.166666666667,487,514,547.6,546,543,578,627,566.75,572,640.25,609,40
58,1241,1219,1419,1465,1405,1204,1185,1337,1321,1361,1240,1312,1345,1278,1542,1515,1333,1249,1223,1268,1468,1590,1562,1490,1440,1384,1559,1554,1489,1354,919,867,927,884,781,916,924,851,871,953,890,633,747,709,777,705,662,664,696,703,805,700,714,589,643,715,700,637,839,606,675,695,749,814,691,584,664,684,722,692,712,638,638,647,745,745,696,575,624,654,630,639,663,602,630,674,731,711,698,565,648,668,724,648,725,709,672,670,708,719,660,562,602,656,656,630,659,651,677,725,796,772,728,593,674,812,777,688,770,790,760,759,806,833,760,641,686,725,778,718,725,699,691,721,747,721,688,591,551,581,592,637,633,684,622,643,701,738,664,572,532,589,612,592,624,655,601.616,605,681,698,599,613,595,604,623.285714285714,610,618,647,674,605,800,754,693,462,589,472,522,545,468,440,482,499,421,464,448,486,508,461,614,516,564,430,490,560,603,578,570,615,572,582,572,645,560,202,0,0,0,0,0,0,0,0,0,0,0,0,0,0,0,0,0,0,0,0,0,0,0,0,0,0,0,0,0,0,0,0,0,0,0,0,0,0,0,0,0,0,0,0,0,0,0,0,0,0,0,0,0,0,0,0,0,0,0,0,0,0,0,0,0,0,0,0,0,0,0,0,0,0,0,0,0,0,0,0,0,0,0,0,0,0,0,0,0,0,0,0,0,0,0,0,0,0,0,0,0,0,0,0,0,0,0,0,0,0,0,0,0,0,0,0,0,0,0,0,0,0,0,0,0,0,0,0,0,0,0,0,0,0,0,0,0,0,0,0,0,0,474,403,397,355,387,346,301,404,358,327,373,425,348,435,431,428,422,342,370,375,435,446,428,486,433,456,476,574,415,359,377,0,0,0,0,0,0,0,0,0,0,0,0,0,0,0,0,0,0,0,0,0,0,0,0,0,0,0,0,0,0,0,0,0,0,0,0,0,0,0,0,0,0,0,0,0,0,0,0,0,0,0,0,0,0,0,0,0,0,0,0,0,0,0,0,0,0,0,0,0,0,0,0,0,0,0,0,0,0,0,0,0,0,0,0,0,0,0,0,0,0,0,0,0,0,0,0,0,0,0,0,0,0,0,0,0,0,0,0,0,0,0,0,0,0,0,0,0,0,0,0,0,0,0,0,0,0,0,0,0,0,0,0,0,0,0,0,0,0,0,0,0,0,41
59,334,312,308,399,344,324,332,391,375,343,439,363,232,275,266,438,340,365,362,399,466,426,403,408,460,450,568,482,477,400,324,0,0,0,0,0,0,0,0,0,0,0,0,0,0,0,0,0,0,0,0,0,0,0,0,0,0,0,0,0,0,0,0,0,0,0,0,0,0,0,0,0,0,0,0,0,0,0,0,0,0,0,0,0,0,0,0,0,0,0,0,0,0,0,0,0,0,0,0,0,0,0,0,0,0,0,0,0,0,0,0,0,0,0,0,0,0,0,0,0,0,0,0,0,0,0,0,0,0,0,0,0,0,0,0,0,0,0,0,0,0,0,0,0,0,0,0,0,0,0,0,0,0,0,0,0,0,0,0,0,0,0,0,0,0,0,0,0,0,0,0,0,0,0,0,0,0,0,0,0,0,0,0,0,0,0,0,0,0,0,0,0,0,0,0,0,0,0,0,0,0,0,0,0,0,0,0,0,0,0,0,0,0,0,0,0,0,0,0,0,0,0,0,0,0,0,0,0,0,0,0,0,0,0,0,0,0,0,0,0,0,0,0,0,0,0,0,0,0,0,0,0,0,0,0,0,0,0,0,0,0,0,0,0,0,0,0,0,0,0,0,0,0,0,0,0,0,0,0,0,0,0,0,0,0,0,0,0,0,0,0,0,0,0,0,0,0,0,0,0,0,0,0,0,0,0,0,0,0,0,0,0,0,0,0,0,0,0,0,0,0,0,0,0,0,0,0,0,0,0,0,0,0,0,0,0,0,0,0,0,0,0,0,0,0,0,0,0,0,0,0,0,0,0,0,0,0,0,0,0,0,0,0,0,0,0,0,0,0,0,0,0,0,0,0,0,0,0,0,0,0,0,0,0,0,0,0,0,0,0,0,0,0,0,0,0,0,0,0,0,0,0,0,0,0,0,0,0,0,0,0,0,0,0,0,0,0,0,0,0,0,0,0,0,0,0,0,0,0,0,0,0,0,0,0,0,0,0,0,0,0,0,0,0,0,0,0,0,0,0,0,0,0,0,0,0,0,0,0,0,0,0,0,0,0,0,0,0,0,0,0,0,0,0,0,0,0,0,0,0,0,0,0,0,0,0,0,0,0,0,0,0,0,0,0,0,0,0,0,0,0,0,0,0,0,0,0,0,0,0,0,0,0,0,0,0,0,0,0,42
60,2547,2250,2537,2280,2338,1951,2073,2304,2205,2309,2476,2267,2390,2403,2552,2474,2272,2055,2084,2333,2270,2488,2377,2379,2259,2461,2540,2532,2345,2128,2012,2392,2440,2324,2504,2633,2796,2792,2983,2998,2851,2372,2487,2534,2640,2598,2782,2626,2825,2684,2684,2526,2525,2269,2060,2371,2219,2365,2422,2187,2227,2191,2434,2462,2330,1974,2134,2314,2383,2523,2503,2520,2396,2302,2483,2429,2413,2189,2217,2356,2311,2442,2420,2476,2433,2300,2440,2479,2289,2102,2208,2282,2395,2368,2426,2473,2516,2193,2446,2557,2270,2082,2206,2307,2418,2382,2419,2435,2529,2455,2679,2573,2373,2112,2125,2281,2446,2367,2227,2424,2455,2357,2475,2487,2183,1954,1894,2051,2047,2226,2178,2213,2067,1937,2109,2093,2045,1889,1609,1850,1936,1933,1997,1920,1955,1868,1997,1952,1800,1629,1565,1756,1602,1708,1720,1700,1706.64226682408,1671,1938,1852,1683,1664,1594,1645,1791.33333333333,1677,1817,1813,1757,1671,1981,1904,1806,1560,1421,1284,1184,1318,1289,1197,1285,1178,1346,1226,1100,1185,1276,1288,1492,1464,1093,1183,1250,1285,1286,1459,1542,1270,1245,1310,1517,1365,1300,1049,1125,1409,1293,1429,1431,1425.5,1305,1305,1703,1487,1300,1278,1437,1433,1523,1654,1529,1507,1449,1482,1514,1193,1157,1233,1340,1375,1427,1385,1246,1388,1496,1391,1234,1072,1232,1269,1381,1219,1581,1475,1423,1456,1425,1469,1621,1350,1224,1213,1353,1227,1510,1418,1456,1328,1466,1631,1638,1248,1154,1192,1246,1379,1349,1459,1374,1364,1417,1330,1703,1237,1210,1235,1220,1284,1367,1387,1275,1457,1321,1511,1554,1227,1207,1126,1212,1257,1366,1307,1408,1344,1402,1226,1265,1044,1016,962,601,985,1111,1038,986,1132,1080,1038,1066,991,918,828,951,991,1050,1084,1102,1043,1146,1103,1085,940,930,933,938,814,1004,942,936,967,988,986,1058,913,942,850,808,845.4,1008,873,1043,1040,1051,1139,1106,985,1152,1207,1007,888,876,880,793,864,958,986,903,985,1101,1018,1184,1027,887,857,888,796,1080,1031,1294,1061,1212,1144,1137,1151,1142,1087,871.6,934,1030,976,1040,1232,982.4,1359,1245,1322,1216,1075,1036,1052,1014,1211,1196,1231,1287,1189,1099,1156,940,883,790,873,934,967,999,1044,928,920,932,961,893,674,811,889,825,1104,1040,1095,1033,1032,982,1112,825,815,823,912,837,971,1009,1001,948,1012,1000,996,882,725,770,863,856,1045,1191,1052,956,1075,970,1172,822,784,806,814,843,939,965,1007,1242,1313,1391,1190,1212,1068,758,782,981,930,944,992,922,1053,954,1097,886,816,969,955,749,842,936,986,922,902,883,899,791,761,636,746,749,817,818,864,940,912,925,913,827,716,725,721,744,770,834,834,807.734513274336,797,679,866,818,802.833333333333,783,712,793,824,841,847,870,948.5,920,922.25,783,43
61,0,0,0,0,0,0,0,0,0,0,0,0,0,0,0,0,0,0,0,0,0,0,0,0,0,0,0,0,0,0,1773,1786,1876,2048,2005,2005,1961,1820,2270,2168,1990,1737,1867,1874,1873,1775,1867,1776,1848,1708,1865,1683,1766,1589,1489,1608,1731,1831,2160,1535,1686,1640,1782,1902,1685,1532,1655.5,1726,1786,1791,1922,1556,1586,1653,1916,1895,1774,1611,1732,1800,1782,1684,1805,1584,1586,1712,2007,1899,1695,1619,1697,1833,1799,1819,1774,1560,1561,1592,1863,1894,1779,1566,1597,1629,1719,1644,1730,1574,1558,1628,1873,1827,1775,1468,1691,1717,1766,1711,1735,1615,1483,1666,1801,1790,1584,1504,1531,1573,1617,1719,1720,1489,1472,1589,1708,1725,1668,1419,1432,1527,1674,1586,1561,1381,1436,1460,1719,1703,1560,1438,1392,1484,1475,1491,1615,1378,1395.31141868512,1452,1708,1635,1444,1504,1352,1401,1562.47619047619,1541,1565,1407,1352,1452,1671,1700,1532,0,0,0,0,0,0,0,0,0,0,0,0,0,0,0,0,0,0,0,0,0,0,0,0,0,0,0,0,0,0,405,764,1029,1042,1062,1039,995,912,912,1331,1056,1104,1039,975,1070,1019,1016,930,866,1056,941,952,1003,721,701,694,734,857,891,738,764,794,843,721,700,711,740,765,680,849,739,746,730,852,783,751,783,665,743,716,711,751,753,712,726,769,745,750,685,615,636,695,668,696,698,693,681,723,641,688,658,600,642,673,621,691,701,700,658,705,730,704,666,664,687,693,725,715,708,679,703,713,702,722,716,653,601,549,628,670,626,512,689,701,651,636,534,555,546,604,639,663,661,632,489,656,763,645,556,618,568,617,529,618,611,589,554,598,630,607,513,555,513,501,526.2,582,515,678,544,646,434,612,572,0,0,0,0,0,0,0,0,0,0,0,0,0,0,0,0,0,0,0,0,0,0,0,0,0,0,0,0,0,0,199.2,667,775,766,784,803,646,902,933,843,1020,763,759,646,711,875,977,823,672,890,842,836,697,712,575,582,649,742,639,560,565,528,595,540,605,486,487,690,515,517,560,576,602,699,629,636,497,537,553,592,557,556,606,532,518,571,623,626,570,480,458,552,522,558,596,567,520,585,595,527,544,514,499,508,576,540,543,568,543,559,501,542,566,523,508,513,576,535,564,576,538,561,550,725,525,436,471,611,487,494,525,512,538,461,501,495,492,420,367,449,487,478,460,437,463,472,514,485,441,403,395,471,417.75,443,441,485,455.0625,479,413,446,435,371.666666666667,439,381,420.6,485,398,470,425,483,419,466,437,44
62,3023,2721,3205,2821,3225,2579,2640,2821,2871,2713,2965,2880,2900,2941,3121,2776,2586,2297,2623,2385,2737,2519,2695,2480,2533,2445,2995,2686,2552,2442,1790,1647,1835,1906,1869,1899,1922,1936,2282,2160,1940,1721,1824,1928,1898,1855,1955,1694,1895,1694,1862,1697,1836,1589,1502,1592,1656,1823,2308,1559,1672,1615,1751,1909,1724,1553,1660,1727,1806,1848,1889,1719,1726,1757,1994,1886,1810,1612,1707,1747,1758,1658,1826,1576,1701,1613,1944,1800,1655,1464,1533,1521,1583,1624,1765,1576,1543,1600,1890,1737,1700,1464,1540,1571,1704,1565,1608,1489,1463,1486,1690,1633,1609,1367,1562,1597,1713,1709,1691,1548,1456,1536,1698,1709,1503,1388,1522,1596,1594,1599,1630,1482,1505,1570,1672,1652,1606,1414,1362,1494,1575,1529,1494,1365,1436,1411,1574,1558,1431,1303,1273,1360,1325,1380,1474,1335,1291.7091222031,1365,1556,1491,1279,1344,1279,1299,1380.33333333333,1399,1506,1379,1322,1365,1576,1548,1433,1592,1678,1490,1457,1471,1334,1195,1453,1381,1321,1524,1345,1416,1372,1426,1355,1388,1336,1365,1218,1513,1322,1406,1331,1301,1276,1389,1388,1413,1299,979,982,1206,1266,1419,1265,1313,1281,1281,1625,1317,1326,1192,1237,1538,1272,1362,1279,1224,1239,1314,1213,1164,895,971,1003,1080,1256,1365,1084,1055,976,1195,1082,953,1029,1040,1260,938,1294,1176,1085,1054,1181,1121,1126,946,965,1135,1073,908,1079,1029,993,876,982,840,983,899,821,837,989,805,896,963,973,874,1032,999,923,894,847,929,921,878,964,937,869,857,994,1418,828,835,818,1081,896,1093,943,936,857,884,956,900,993,1014,882,646,713,828,918,819,771,878,909,664,779,651,896,703,723,857,805,797,800,588,760,830,775,725,618,758,754,591,760,726,618,1079,724,707,650,496,578,658,519,499.4,783,445,591,843,1106,412,951,817,1222,1337,1199,1189,1119,1077,947,1096,1156,984,1171,1100,1126,1200,1226,1251,880,871,996,999,1044,1053,1087,1032,1143,1039,1064,1423,934,1056,765.6,895,1016,1104,1110,1086,903.6,1336,1265,1294,1178,982,960,792,971,1155,1203,1159,1031,1151,1010,1190,882,813,737,907,1067,1042,1024,952,913,1055,1022,794,722,733,738,970,743,1018,881,957,967,982,989,1086,712,711,728,939,879,985,927,817,790,882,872,933,757,625,878,808,932,868,1084,879,914,984,754,955,809,742,862,779,843,899,841,791,994,857,859,706,689,678,764,527,898,888,859,961,753,993,725,1148,788,525,744,954,912,868,811,771,753,607,592,493,506,556,472,529,912,487,605,529,606,633,782,665,450,485,535,712,824.25,679,448,576,723,610,549,712,624,564,628,480,550,508,567,612,693,959.5,893,815.5,646,45
63,806,890,979,917,839,713,861,986,803,824,957,917,963,830,1158,1024,950,683,894,1038,931,989,1024,933,757,737,961,994,836,768,948,962,952,986,1097,984,1073,976,1172,1129,1039,947,995,1040,1027,1049,1029,921,907,951,1078,1026,918,799,757,931,863,816,873,688,718,699,827,873,852,706,830.5,829,800,831,830,784,731,784,925,900,924,772,849,860,904,924,945,809,775,845,988,994,897,812,829,856,909,903,855,765,757,833,972,928,871,769,793,831,857,867,909,794,788,835,970,968,861,757,863,925,960,917,904,801,737,856,932,944,873,756,750,852,874,860,851,720,730,772,835,890,824,795,670,775,843,844,807,700,672,717,857,876,773,703,664,775,681,782,727,613,602.080291970803,732,808,799,657,707,635,742,712.333333333333,711,760,619,555,732,730,774,720,264,261,299,290,292,338,244,310,310,310,282,259,273,263,378,432,228,299,267,361,331,219,341,332,325,270,343,307,310,287,337,389,409,472,554,445,425.5,457,457,587,605,451,515,455,496,527,452,466,253,386,446,360,376,361,398,368,360,351,377,299,259,301,301,397,306,365,359,316,310,366,360,303,323,486,382,367,344,343,364,377,382,392,383,379,338,425,409,401,376,339,342,358,384,404,372,358,345,331,358,368,370,341,360,347,365,394,412,388,368,398,337,370,378,407,370,375,392,413,390,371,357,366,367,363,363,334,292,307,332,318,336,247,322,311,355,288,294,255,289,315,313,325,313,307,304,265,288,276,272,233,307,293,123,294,278,266,237,269,251,296,246,269,263,213,223.6,305,294,300,251,228,193,276,225,265,261,256,245,328,266,295,180,215,237,173,173,244,228,228,241,208,188,253,256,205,223,193,222,187,240,250,289,206,221,179.2,225,254,337,296,303,244.4,293,409,332,338,264,315,302,229,313,296,258,331,252,335,259,276,267,250,210,197,150,221,174,199,202,199,156,207,188,207,233,218,262,198,231,211,425,244,220,227,186,243,228,232,228,248,264,262,283,270,293,201,146,236,256,263,224,259,313,256,290,257,261,227,199,207,222,223,233,257,231,265,278,255,268,221,250,221,214,260,285,271,275,270,253,246,276,224,211,218,259,222,203,221,247,270,210,183,175,228,220,142,194,222,221,193,158,180,203,192,200,184,146,158,141,136.25,215,174,204,188.727272727273,169,149,251,188,180,173,205,183,188,139,182,0,184,186,211.5,149,46
64,3129,2965,3376,2799,2958,3074,2997,2960,2855,2574,2968,2888,2888,2685,3030,3130,2791,2572,2510,2484,2707,2948,2906,2665,2592,2592,2854,2830,2671,2491,2850,3377,3329,3715,3824,3562,3415,3305,4180,4117,3715,3361,3426,3393,3170,3312,3615,3033,3059,3168,3525,3305,3392,2856,2933,3122,3426,3314,3581,2779,2818,2738,3561,3297,3209,2824,2836.5,2978,3240,3332,3463,2811,2934,3277,3795,3505,3481,2950,3121,3305,3318,3348,3474,2918,2865,3305,3779,3654,3442,3177,3159,3417,3527,3432,3388,3022,2882,3172,3835,3730,3564,3095,3246,3484,3623,3512,3623,3039,3015,3444,4112,4005,3741,3190,3398,3778,3866,3717,3604,3152,2949,3461,3831,3828,3536,3166,2942,3467,3409,3403,3315,2863,2765,3125,3459,3418,3469,2967,2547,2784,3100,3093,3221,2813,2618,2785,3345,3360,3212,2837,2652,3166,3084,3222,3237,2849,2554.80915178571,3043,3649,3407,3003,3052,2759,2899,3136.47619047619,3032,3171,2668,2573,3043,3353,3348,3162,2368,2361,2131,2086,2049,1882,1760,2036,2036,1750,1982,2019,2192,1948,2079,1953,1860,1918,1929,1879,2165,1808,2069,1968,1875,1940,1957,1951,1925,1792,1663,1741,1714,2007,1826,2019,1932.5,1996,1996,2087,2138,2002,1821,1703,1771,1930,1885,1772,1594,1677,1808,1698,1622,1412,1547,1623,1482,1541,1681,1569,1609,1567,1689,1603,1598,1437,1495,1484,1523,1598,1625,1554,1680,1544,1790,1676,1513,1561,1479,1518,1503,1736,1557,1720,1465,1774,1654,1712,1596,1454,1548,1668,1687,1635,1771,1624,1619,1607,1618,1660,1644,1647,1793,1676,1677,1681,1764,1612,1685,1781,1758,1781,1560,1638,1667,1655,1749,1780,1761,1608,1642,1674,1577,1679,1618,1428,1330,1087,1472,1475,1486,1265,1380,1447,1487,1492,1289,1320,1198,1272,1440,1367,1472,1474,1312,1440,1486,1501,1456,1334,1330,1414,1337,1435,1434,1400,1430,1404,1437,1400,1324,1338,1267,1192,1320.2,1395,1393,1301,1397,1374,1437,1459,1335,2348,2364,2133,2057,1983,1948,1780,1842,1834,1829,1982,1867,1975,1940,2156,2057,1727,1607,1862,1920,1933,1955,2123,1975,2065,1814,2082,2731,1735,1927,1463.8,1256,1474,1401,1518,1331,1144.4,1513,1553,1414,1434,1270,1170,1103,1149,1437,1420,1296,1172,1272,1208,1356,1305,1080,1211,1299,1268,1519,1171,1353,1361,1297,1119,1205,1056,923,1062,1277,1153,1254,1263,1252,1306,1420,1384,1299,1123,1213,1207,1266,1160,1329,1252,1398,1245,1427,1517,1491,1450,1118,1198,1442,1312,1393,1314,1247,1324,1375,1339,1374,1285,1200,1284,1163,1285,1294,1311,1278,1261,1324,1358,1324,1168,1114,1239,1349,1348,1315,1285,1316,1255,1334,1409,1472,1279,1048,1120,1409,1230,1234,1269,1265,1255,1201,1213,1115,983,1161,860,1138,1230,1164,1086,1126,1191,1171,1260,1179,1041,935,1046,1209,1263.75,1087,1097,1181,1126.77165354331,1204,1062,1219,1102,1125.83333333333,998,1059,1088.6,1112,1001,1122,1121,1194.5,1178,1156,1076,47
65,842,824,1111,822,844,812,741,845,760,689,835,676,770,709,777,853,777,676,684,685,788,773,747,666,679,636,849,873,761,662,510,431,501,470,471,428,385,396,543,566,426,366,370,385,375,410,417,367,396,338,477,446,407,350,286,328,285,304,383,296,318,301,403,398,365,310,348,396,386,374,382,315,333,331,432,399,391,315,306,373,394,369,403,313,425,453,606,577,556,463,474,557,582,608,582,511,480,503,627,604,564,487,505,561,582,575,575,498,481,505,667,638,641,527,544,629,616,623,624,550,544,566,725,692,650,544,541,699,656,649,635,525,525,540,651,609,618,543,422,533,571,551,589,474,507,486,613,645,569,520,441,551,498,541,529,480,455.560975609756,476,627,604,486,522,406,487,546.333333333333,457,466,380,375,476,578,544,504,320,316,324,288,325,247,296,244,367,315,276,258,325,235,303,280,199,224,215,196,264,215,220,259,242,268,262,274,312,234,92,0,0,0,0,0,0,0,0,0,0,0,0,0,0,0,0,0,0,0,0,0,0,0,0,0,0,0,0,0,0,0,0,0,0,0,0,0,0,0,0,0,0,0,0,0,0,0,0,0,0,0,0,0,0,0,0,0,0,0,0,0,0,0,0,0,0,0,0,0,0,0,0,0,0,0,0,0,0,0,0,0,0,0,0,0,0,0,0,0,0,0,0,0,0,0,0,0,0,0,0,0,0,0,0,0,0,0,0,0,0,0,0,0,0,0,0,0,0,0,0,0,0,0,0,0,0,0,0,0,0,0,0,0,0,0,0,0,0,0,0,0,0,230,326,276,264,245,232,197,175,178,217,189,189,210,205,211,232,173,187,197,144,211,218,177,212,200,162,167,278,171,223,116.4,0,0,0,0,0,0,0,0,0,0,0,0,0,0,0,0,0,0,0,0,0,0,0,0,0,0,0,0,0,0,0,0,0,0,0,0,0,0,0,0,0,0,0,0,0,0,0,0,0,0,0,0,0,0,0,0,0,0,0,0,0,0,0,0,0,0,0,0,0,0,0,0,0,0,0,0,0,0,0,0,0,0,0,0,0,0,0,0,0,0,0,0,0,0,0,0,0,0,0,0,0,0,0,0,0,0,0,0,0,0,0,0,0,0,0,0,0,0,0,0,0,0,0,0,0,0,0,0,0,0,0,0,0,0,0,0,0,0,0,0,0,0,48
66,5367,5156,5658,5262,4946,4678,4843,5227,4906,5112,5282,5433,5182,4905,5599,5459,4836,4732,4906,4757,4751,5216,5125,5091,4927,4876,5576,5395,5174,4812,5051,5415,5750,5990,6004,6224,6270,6120,6586,6871,6629,5604,5991,5760,6081,5917,6250,5469,5939,5938,6285,6204,6352,5404,5575,6065,5759,6030,6685,5483,5345,5073,6014,6341,6105,5340,5763,5868,6141,6224,6439,5928,5848,5966,6499,6202,6219,5773,5884,5951,6123,5957,6167,5550,5322,5649,6267,6362,5919,5673,5563,5994,6189,6155,6378,5489,5335,5882,6135,6319,5965,5745,5930,5977,6345,6134,6426,5951,5982,6459,6898,6912,6701,5951,6219,6267,6614,6422,6425,5780,5745,6192,7022,7085,6446,5848,5692,5889,6051,6117,6139,5440,5390,5759,6239,5968,5913,5219,5067,5187,5693,5654,5842,5388,5126,5422,5957,5912,5635,5231,5019,5517,5403,5467,5661,5125,4877.94055944056,5260,5959,5840,4978,5481,4861,4830,5286.85714285714,5306,5667,5362,5036,5260,5698,5800,5533,3125,3187,3089,2995,3096,2824,2540,3073,2861,2720,2823,2790,2892,2883,3322,3196,2658,3023,2866,2874,3349,2729,3226,3242,3210,3164,3065,2997,3240,3157,2738,2892,3262,3223,3651,3140,3117,3500,3500,3722,3449,3534,3397,3198,3534,3380,3260,3312,3496,3470,3667,3463,3513,2881,3107,3040,3372,3668,3544,3177,3210,3257,3531,3282,2851,3171,2941,3169,3142,3391,3288,3196,3225,3428,3510,3266,3218,3195,3229,3256,3176,3200,3316,3298,3148,3200,3267,3314,3212,2945,3142,3311,3185,3183,3284,3317,3090,3366,2921,3151,3301,3005,3063,3110,3210,3456,3370,3432,3276,3566,3602,3441,3138,3194,3319,3209,3435,3522,3359,3479,3356,3484,3644,3595,3353,3458,3239,3100,3407,3518,3583,2896,3234,3545,3559,3247,3090,2901,2959,2977,3411,3521,3383,3489,3136,3638,3509,3230,3218,3017,3068,3368,3101,3261,3110,3118,2941,3150,3352,3088,3079,2856,2854,2643,2858,2998,2886,3370,3165,3207,3134,3210,3099,2920,2885,2722,2524,2549,2378,2135,2340,2392,2179,2590,2513,2705,2515,2602,2607,2304,2233,2363,2497,2535,2519,2614,2618,2740,2703,2607,3343,2393,2221,1804,2206,2980,2730,2643,2931,2335.6,3107,3160,2940,2688,2533,2519,2323,2466,2998,3070,3196,2733,2954,2850,3000,2444,2538,2376,2523,2765,2562,3093,2800,2627,2616,2626,2359,2381,2054,2455,2772,2528,2804,2736,2825,2692,2967,2654,2742,2582,2413,2385,2707,2695,2680,2859,2761,2719,2706,2746,2716,2459,1978,2301,2724,2783,3070,2960,2707,2764,2840,2582,2652,2513,2375,2492,2556,2789,2849,2799,2886,3019,3036,3054,2808,2665,2411,2633,2702,3021,2792,2891,2881,2735,2918,3092,2808,2737,2249,2511,3018,2592,2905,2958,2896,2735,3055,2936,2633,2199,2600,2222,2530,2592,3009,3203,3092,2827,2944,2888,2669,2589,2391,2461,2745,2912,2622,2737,2626,2775.40659340659,2889,2424,2639,2491,2557,2388,2502,2498.2,2480,2561,2735,2784,3099.25,2641,2740.5,2680,49
67,74,89,113,118,88,89,119,75,75,92,117,60,95,58,90,103,123,145,128,161,124,120,138,100,54,69,125,125,89,97,117,0,0,0,0,0,0,0,0,0,0,0,0,0,0,0,0,0,0,0,0,0,0,0,0,0,0,0,0,0,0,0,0,0,0,0,0,0,0,0,0,0,0,0,0,0,0,0,0,0,0,0,0,0,0,0,0,0,0,0,0,0,0,0,0,0,0,0,0,0,0,0,0,0,0,0,0,0,0,0,0,0,0,0,0,0,0,0,0,0,0,0,0,0,0,0,0,0,0,0,0,0,0,0,0,0,0,0,0,0,0,0,0,0,0,0,0,0,0,0,0,0,0,0,0,0,0,0,0,0,0,0,0,0,0,0,0,0,0,0,0,0,0,0,0,0,0,0,0,0,0,0,0,0,0,0,0,0,0,0,0,0,0,0,0,0,0,0,0,0,0,0,0,0,0,0,0,0,0,0,0,0,0,0,0,0,0,0,0,0,0,0,0,0,0,0,0,0,0,0,0,0,0,0,0,0,0,0,0,0,0,0,0,0,0,0,0,0,0,0,0,0,0,0,0,0,0,0,0,0,0,0,0,0,0,0,0,0,0,0,0,0,0,0,0,0,0,0,0,0,0,0,0,0,0,0,0,0,0,0,0,0,0,0,0,0,0,0,0,0,0,0,0,0,0,0,0,0,0,0,0,0,0,0,0,0,0,0,0,0,0,0,0,0,0,0,0,0,0,0,0,0,0,0,0,0,0,0,0,0,0,0,0,0,0,0,0,0,0,0,0,0,0,0,0,0,0,0,0,0,0,0,0,0,0,0,0,0,0,0,0,0,0,0,0,0,0,0,0,0,0,0,0,0,0,0,0,0,0,0,0,0,0,0,0,0,0,0,0,0,0,0,0,0,0,0,0,0,0,0,0,0,0,0,0,0,0,0,0,0,0,0,0,0,0,0,0,0,0,0,0,0,0,0,0,0,0,0,0,0,0,0,0,0,0,0,0,0,0,0,0,0,0,0,0,0,0,0,0,0,0,0,0,0,0,0,0,0,0,0,0,0,0,0,0,0,0,0,0,0,0,0,0,0,0,0,0,0,0,0,0,0,0,0,0,0,0,0,0,0,0,0,0,0,0,0,0,0,0,0,0,0,0,0,0,0,0,0,0,50
68,4766,5032,5647,5367,5067,4491,4516,4750,4200,4714,5014,5246,4262,4082,4593,5242,4901,4483,4405,4935,4881,5052,5033,4731,4641,4681,5231,5081,4938,4369,4561,5050,5226,5378,5417,5420,5576,5425,5825,5513,5251,4513,5333,5009,5206,5312,5130,4889,5165,5380,5679,5241,5578,4901,4878,5527,5210,5230,5703,4830,5149,5028,5409,5444,5142,4840,5283,5313,5521,5622,5759,5512,5533,5753,5917,5486,5338,5216,5292,5573,5666,5488,5904,5527,5229,5154,5485,5669,5372,5271,5320,5522,5572,5398,5460,5197,5169,5305,5389,5657,5301,5203,5238,5366,5555,5490,5473,5333,5479,5712,6160,5898,5717,5191,5476,5772,5811,5633,5531,5284,5132,5271,5485,5476,5194,4820,4613,5141,5006,5048,5074,4876,4809,4905,5144,5156,5121,4748,4323,4526,4919,4898,4993,4729,4579,4809,4969,4934,4814,4719,4479,4820,4653,4768,4803,4702,4427.05664263646,4645,5067,4999,4592,4884,4482,4520,4756.85714285714,4743,4537,4744,4509,4645,5168,5064,5006,3345,3061,3153,3226,3251,2831,2744,2873,2892,2985,3236,2877,2647,2553,2992,3383,3211,2782,2934,3056,3307,3033,3419,3361,3170,3414,2896,3295,2720,3244,2886,3415,3280,3413,3632,3282,3495,3601,3601,4127,3175,3351,2659,3190,3468,3522,3158,3298,3002,3655,3292,3767,3386,3378,3021,3307,3556,3732,3447,3502,3286,3488,3752,2993,2947,3495,3362,3210,3219,3509,3486,3205,3571,3648,3585,3465,3377,3360,3422,3706,3474,3783,3635,3374,3668,3744,3719,3702,3437,3209,3402,3614,3690,3419,3673,3393,3486,3401,3410,3394,3486,3438,3377,3543,3292,3409,3526,3285,3521,3611,3507,3321,3148,3314,3941,3405,3764,3392,3317,3317,3304,3410,3349,3350,2988,3113,3111,2710,3245,3180,3258,2993,3401,3196,3152,3252,3062,3281,2970,3130,3322,3297,3372,3246,3296,3464,3267,3223,3183,3217,3140,3217,3031,3201,3100,3023,3170,3147,3351,3217,3001,3113,3098,2793,2970.8,3020,2947,3170,3028,3142,3310,3397,3076,3230,2716,2633,2738,2613,2513,2432,2405,2576,2326,2188,2735,2592,2349,2525,2880,2596,2181,2454,2412,2867,2784,2715,2830,2645,2618,3033,3199,2584,2726,2270,2568,2789,2903,2962,2981,2381.6,3116,3380,3559,2847,2784,2471,2385,2617,2708,3006,2784,2824,2894,3166,3063,2435,2470,2526,2654,2743,2708,3219,2868,2835,2927,3088,2595,2377,2315,2657,2924,2738,3078,3060,3057,3060,3170,3148,3022,2409,2630,2750,3077,2975,3151,3051,3142,2825,3352,3221,3069,2704,2298,2828,2996,3062,3049,2969,2827,2924,2897,2847,2931,2577,2798,2815,2867,2937,2786,2872,2795,3265,3118,3060,3266,2686,2842,2770,2911,3047,3017,2998,2819,2824,3026,2932,2800,2645,2482,2561,3069,2792,2775,3010,2993,2824,2946,2874,2684,2218,2742,2292,2937,2792,3153,2916,2916,2865,3000,2953,2931,2617,2661,2737,2893,2940,2856,2828,2855,2706.82285714286,2804,2230,2864,2742,2734.83333333333,2541,2508,2693,2607,2570,2730,2642,2814,2791,2778.75,2682,51
70,5430,5421,6066,5677,6198,5549,5665,5807,5614,5493,5826,5885,5880,5343,6385,6164,5778,5503,5244,5244,5665,6445,5939,5574,5285,5477,6514,5890,5557,5096,5147,5457,5822,5939,6007,6021,6110,5715,6733,6521,6019,5219,5886,5669,5566,5371,5651,5409,5396,5348,5954,5385,5372,4806,4633,4897,5069,4997,5741,4778,4971,4789,5480,5507,5237,4483,5172,5032,5293,5340,5510,5028,5049,5309,5982,5377,5375,4995,5068,5078,5299,5036,5412,4811,4665,5180,5764,5788,5248,4938,4905,5225,5434,5268,5426,4829,4556,5097,5419,5473,5155,4786,4850,4790,5223,4954,5248,4489,4340,4686,5134,5040,4815,4124,4545,5113,5358,5106,5366,5130,4552,4978,5433,5369,4769,4292,4276,4612,4596,4715,4830,4262,4242,4539,4949,4774,4572,4079,3957,3945,4535,4546,4672,4203,4045,4480,4849,4736,4298,4185,3916,4371,4178,4433,4595,4174,3868.18651685393,4297,4999,4637,4063,4310,3912,3785,4164.80952380952,4247,4404,4022,3674,4297,4637,4540,4419,3404,3668,3742,3463,3902,3475,3553,3236,3680,3574,3629,3683,3469,3499,3975,3618,3355,3312,3263,3279,3903,3064,3702,3612,3501,3668,3550,3767,3541,3813,2971,3512,3623,3704,3912,3816,4043,3958,3958,4022,4207,3737,3421,3914,3746,3975,3579,3538,3317,3541,3950,3643,3220,3292,3225,3143,3332,3172,3641,3043,3125,3105,3515,3635,3037,3181,3084,3354,3432,3539,3577,3144,3349,3852,3608,3431,3165,3314,3106,3259,2969,3408,3261,3403,3144,3562,3389,3498,3283,2871,2963,3355,3251,3375,3365,3196,3245,3372,3140,3332,3238,3021,3191,3205,3165,3400,3201,3301,2826,3109,3233,2852,2643,2910,2801,2701,3288,3126,2841,3243,3203,3266,3177,3428,3133,2924,2665,2442,2650,2958,2994,2730,2983,3163,3071,3061,2605,2541,2371,2580,2915,2928,2959,3070,2816,2863,2936,2859,2798,2772,2765,2952,2710,2755,2962,2718,2611,2622,2799,3028,2585,2632,2727,2289,2552.2,2683,2739,2719,2620,2675,2598,2851,2683,2717,2738,2939,2925,2821,2610,2584,2923,2994,2657,2753,3096,2987,3010,2931,3036,2603,2586,2690,2583,2705,3066,2951,2858,3214,3239,3044,3421,2836,2856,2405,2610,3034,3118,3024,3075,2480,3515,3538,3558,3333,2550,2805,2682,2866,2984,2917,3101,3095,3240,3240,2968,2648,2494,2595,2555,2922,2615,3148,2798,2662,2763,2839,2615,2440,2728,2506,2985,2617,2929,2778,2890,2846,3101,2991,2862,2355,2614,2473,2718,2637,2858,2748,2808,2751,2972,2937,2970,2719,1962,2517,2842,2801,2756,3243,2863,2737,2785,2756,2846,2716,2666,2667,2544,2773,2795,3035,2909,2682,2734,2718,2587,2475,2186,2254,2202,2955,2625,2610,2883,2851,2928,2951,2828,2651,2284,2370,2809,2322,2526,2672,2730,2851,2735,2552,2291,2218,2297,1910,2253,2322,2437,2444,2447,2588,2569,2569,2579,2246,2108,2232,2375,2375.25,2341,2364,2425,2407.88108108108,2384,2110,2467,2395,2248,2099,1986,2294.6,2288,2266,2496,2336,2520.5,2460,2463,2376,52
71,1577,1625,2228,2191,2087,1795,1796,2016,1930,1764,2067,2200,1973,1661,1879,1911,1734,1622,1780,1658,2146,1872,1845,1844,1733,1761,2030,1851,1844,1610,1741,1940,2058,2154,2175,2157,2295,2044,2526,2452,2278,2054,2052,2053,2263,2159,2281,2016,2028,1984,2286,2042,2145,1859,1804,2081,1866,1935,2537,1805,1846,1784,1945,2249,2022,1747,2004,1958,2056,2110,2197,1935,1871,1993,2362,2264,2220,1997,2042,2053,2078,2042,2238,1907,1846,1980,2304,2290,2092,2001,1945,2030,2167,2057,2137,1899,1763,1912,2088,2246,2072,1842,1935,2008,2141,1962,2217,1836,1360,1473,1619,1642,1537,1384,1955,2154,2233,2141,2120,1880,1864,2008,2306,2230,2057,1815,1821,1795,1913,1946,1944,1760,1768,1851,2018,2002,2011,1711,1660,1781,1936,1889,2038,1739,1616,1751,2022,1934,1890,1724,1615,1763,1780,1816,1882,1642,1562.12408759124,1680,2010,1864,1661,1743,1639,1600,1726.28571428571,1806,1994,1735,1584,1680,1887,1829,1771,934,1080,1033,997,984,966,914,983,957,734,1220,990,1195,1177,1137,1268,925,1011,918,1102,1097,1031,1142,1022,1076,1013,1024,1164,971,1020,957,1005,1078,1175,1163,1118,1214,1164,1164,1357,1181,1201,1138,1322,1133,1225,1310,1205,1233,1043,1019,1164,1072,1018,1010,1095,993,1248,1226,1074,939,978,1151,1121,1002,1072,1013,1109,1013,1202,1190,1079,1121,1324,1174,1105,1015,997,941,1062,1013,1035,1063,1070,1009,1199,1203,1131,1154,1023,1071,1136,1156,1010,1134,1058,1010,1092,1098,1076,1076,983,975,1074,1019,1026,1117,1079,734,841,710,828,719,675,1024,913,1217,1122,971,1086,1180,1143,1100,1075,1054,1011,853,622,957,973,1022,772,1007,982,1010,1055,903,998,887,956,1053,994,1087,1047,1003,1043,992,1001,1002,917,895,994,851,957,915,893,814,863,978,1044,882,897,832,803,767.4,890,898,903,945,875,823,868,803,600,605,634,587,622,565,648,599,658,772,768,703,721,748,853,756,680,605,672,754,730,698,799,754,843,878,850,1016,612,632,645.8,762,828,885,1026,1018,791.2,1117,1003,1064,1147,871,867,852,915,1034,1054,983,849,959,1125,990,905,866,823,986,908,860,961,837,772,783,788,736,576,720,722,782,798,878,844,892,869,953,862,843,703,837,745,785,757,748,784,800,806,834,903,881,807,724,770,814,872,846,866,875,846,931,880,844,844,796,835,792,824,865,856,843,785,718,665,653,545,660,757,692,895,841,764,788,941,933,882,817,793,638,706,763,769,748,754,772,941,778,780,714,685,762,597,736,769,766,894,799,803,844,715,737,670,653,726,763,712,671,709,716,699.066666666667,819,641,798,645,665.666666666667,621,583,690.8,631,647,707,702,681,676,679.75,628,53
72,2867,2728,3344,3166,3008,2573,2872,2967,2910,2793,3135,2985,2985,2821,3360,3121,2979,2666,2768,2831,3011,3266,3044,2834,2733,2755,3050,3025,2874,2554,2446,2590,2473,2508,2734,2531,2581,2315,2986,2868,2851,2352,2490,2727,2557,2610,2594,2435,2426,2492,2785,2628,2503,2223,2174,2355,2402,2490,2721,2149,2127,2046,2581,2734,2288,1993,2110.5,2301,2389,2353,2378,2047,2038,2121,2453,2487,2366,2002,2041,2286,2312,2220,2393,2080,1997,2131,2408,2559,2368,2165,2157,2395,2452,2414,2389,2081,1981,2229,2601,2621,2381,2116,2235,2504,2501,2483,2486,2192,2038,2300,2754,2627,2560,2083,2312,2714,2612,2655,2600,2355,2207,2545,2862,2821,2598,2238,2017,2613,2488,2547,2546,2208,2073,2322,2739,2647,2594,2264,2016,2412,2480,2467,2522,2130,1982,2184,2776,2755,2474,2207,2298,2785,2602,2818,2754,2337,2149.51823416507,2634,3343,3092,2625,2748,2357,2600,2710.80952380952,2535,2533,2351,2194,2634,3038,2990,2716,1368,1338,1477,1442,1641,1280,932,1324,1334,1582,1339,1323,1243,1229,1468,1434,1388,1360,1378,1392,1443,1233,1518,1368,1336,1474,1368,1421,1390,1401,1146,1069,1182,1226,1225,1244,1182.5,1287,1287,1435,1316,1270,1219,1487,1347,1429,1266,1192,1068,1181,1107,1288,1211,910,955,1035,1043,1152,1197,1008,1085,1129,1074,1029,1019,1006,920,906,915,1189,1094,993,1070,1111,1066,1092,1047,1048,977,999,987,1144,1070,1037,1012,1034,1142,1166,1051,1072,920,1128,1166,1178,1084,1068,1073,1115,1197,1139,1178,1094,1126,1149,1225,1181,1223,1124,1152,1319,1339,1354,1192,1139,1222,1220,1223,1197,1164,1193,1198,1236,1246,1320,1262,1120,1024,930,1162,1132,1190,866,1118,1108,1150,1115,1016,977,1008,1085,1151,1086,1075,1006,992,1015,1176,1090,998,1023,1207,1472,1298,1372,1485,1371,1004,1440,1452,1580,1358,1425,1239,1136,1221,1266,1226,1398,1310,1415,1418,1466,1369,1393,1413,1263,1126,1275,1418,870,1163,1230,1046,1325,1220,1131,1180,1246,1218,1044,1164,1075,1100,1150,1157,1098,1258,1264,1278,1258,1640,1094,1117,876,1035,1042,1024,1101,1050,808.4,982,1140,1271,1122,1127,959,1041,1007,1086,1015,992,1184,1249,1231,999,986,911,747,780,949,728,931,740,757,753,759,751,871,765,642,755,711,726,751,745,740,890,800,768,650,720,724,780,743,799,714,807,842,869,906,939,725,641,740,892,836,847,867,826,837,926,863,929,789,790,802,897,859,914,915,808,766,971,936,873,836,765,770,808,943,900,904,927,923,955,962,959,909,676,693,840,738,777,881,866,923,920,879,769,711,715,654,825,738,802,814,815,770,777,857,787,741,656,846,961,957.25,948,993,857,855.78431372549,1016,830,999,864,972.833333333333,896,877,1123.6,1005,895,1027,972,1146.25,1092,1072,1039,54
73,2015,1920,2494,2391,1954,1755,2018,1970,2051,2005,2070,1995,2156,2115,2379,2228,1908,1721,1890,2126,2186,2233,2119,1830,1841,1890,2344,1909,2189,1830,1942,2260,2316,2341,2557,2613,2557,2364,2827,2628,2635,2264,2346,2650,2831,2776,2883,2702,2713,2879,3184,2929,2911,2772,2628,2743,2740,2865,3123,2644,2709,2642,2925,2916,2591,2284,2456.5,2515,2576,2688,2719,2442,2367,2393,2697,2669,2622,2276,2402,2514,2570,2566,2565,2241,2199,2404,2746,2662,2475,2290,2306,2490,2611,2615,2653,2386,2198,2394,2695,2653,2490,2280,2369,2671,2639,2775,2803,2445,2398,2671,3047,2875,2672,2444,2590,2779,2709,2805,2610,2357,2320,2626,2945,2733,2528,2255,2226,2597,2514,2552,2422,2210,2123,2287,2571,2460,2492,2258,1948,2101,2375,2357,2524,2315,2267,2377,2677,2545,2481,2298,2373,2794,2648,2817,2810,2518,2452.75477707006,2752,3129,2963,2681,2685,2471,2730,2842.7619047619,2694,2759,2640,2500,2752,3064,2987,2746,724,846,844,785,808,638,726,759,734,857,782,774,795,811,875,751,885,792,673,756,884,757,849,756,781,834,933,753,859,865,730,864,1010,1134,1035,1080,1072,1084,1084,1281,1047,1163,1026,1306,1075,1243,1036,1152,1060,1128,1170,1254,1131,974,1017,1078,1089,995,1156,940,998,1032,1170,913,923,879,906,712,862,1025,976,902,960,918,1018,967,1033,835,769,934,810,1022,944,944,896,970,1123,973,896,831,848,880,926,927,927,938,914,1073,1184,1043,964,944,960,985,1054,991,943,951,982,1108,1154,1064,1029,993,992,1050,1041,1039,1023,1006,1104,1059,1143,1151,899,912,878,793,885,960,967,667,821,950,950,897,813,808,678,737,947,803,892,935,856,961,1054,1039,850,879,1152,1275,1173,1260,1377,1261,1038,1306,1346,1452,1298,1272,1156,994,1089.2,1183,1189,1349,1309,1398,1345,1416,1347,534,610,680,650,579,544,426,386,512,284,529,522,468,663,499,510,550,587,439,538,478,534,558,515,641,523,540,358,617,576,429,734,730,786,922,1025,729.2,749,1000,1090,927,917,776,800,833,881,775,810,986,869,946,850,837,736,627,728,791,714,827,643,711,713,740,655,630,588,552,752,573,708,688,663,657,745,730,659,567,570,559,590,646,684,698,632,601,550,731,680,529,493,507,561,588,664,671,594,602,745,662,661,600,596,604,626,676,750,708,630,656,754,793,754,640,633,613,637,719,696,740,711,692,812,718,717,695,570,592,628,606,632,692,667,692,763,722,572,566,570,433,601,606,601,630,588,640,608,731,716,576,568,731,917,909,817,880,822,823.468085106383,935,795,918,840,885.5,788,749,913,843,801,873,887,1004.5,1023,967.75,887,55
76,50,17,76,79,71,26,79,60,69,62,70,31,11,18,78,79,87,34,53,49,63,65,75,39,13,29,66,80,68,49,48,61,69,69,69,83,83,78,60,60,75,60,73,47,72,54,61,55,65,51,71,55,127,51,87,100,86,103,90,89,0,0,0,0,0,0,0,0,0,0,0,0,0,0,0,0,0,0,0,0,0,0,0,0,0,0,0,0,0,0,0,0,0,0,0,0,0,0,0,0,0,0,0,0,0,0,0,0,0,0,0,0,0,0,0,0,0,0,0,0,0,0,0,0,0,0,0,0,0,0,0,0,0,0,0,0,0,0,0,0,0,0,0,0,0,0,0,0,0,0,0,0,0,0,0,0,0,0,0,0,0,0,0,0,0,0,0,0,0,0,0,0,0,0,0,0,0,0,0,0,0,0,0,0,0,0,0,0,0,0,0,0,0,0,0,0,0,0,0,0,0,0,0,0,0,0,0,0,0,0,0,0,0,0,0,0,0,0,0,0,0,0,0,0,0,0,0,0,0,0,0,0,0,0,0,0,0,0,0,0,0,0,0,0,0,0,0,0,0,0,0,0,0,0,0,0,0,0,0,0,0,0,0,0,0,0,0,0,0,0,0,0,0,0,0,0,0,0,0,0,0,0,0,0,0,0,0,0,0,0,0,0,0,0,0,0,0,0,0,0,0,0,0,0,0,0,0,0,0,0,0,0,0,0,0,0,0,0,0,0,0,0,0,0,0,0,0,0,0,0,0,0,0,0,0,0,0,0,0,0,0,0,0,0,0,0,0,0,0,0,0,0,0,0,0,0,0,0,0,0,0,0,0,0,0,0,0,0,0,0,0,0,0,0,0,0,0,0,0,0,0,0,0,0,0,0,0,0,0,0,0,0,0,0,0,0,0,0,0,0,0,0,0,0,0,0,0,0,0,0,0,0,0,0,0,0,0,0,0,0,0,0,0,0,0,0,0,0,0,0,0,0,0,0,0,0,0,0,0,0,0,0,0,0,0,0,0,0,0,0,0,0,0,0,0,0,0,0,0,0,0,0,0,0,0,0,0,0,0,0,0,0,0,0,0,0,0,0,0,0,0,0,0,0,0,0,0,0,0,0,0,0,0,0,0,0,0,0,0,0,0,0,0,0,0,0,0,0,0,0,0,0,0,0,0,0,0,0,0,56
77,1746,1791,1948,1952,1868,1814,1674,1813,1761,1686,1800,1826,1876,1890,1958,1900,1738,1682,1623,1590,1765,1696,1780,1823,1836,1917,1930,1867,1741,1743,1893,2255,2313,2341,2491,2540,2609,2574,2773,2780,2588,2372,2533,2416,2342,2224,2173,2223,2096,2159,2219,2083,2180,2019,1754,2098,1924,2031,2524,1834,1844,1756,1988,2139,2087,1875,1998,1980,2017,2060,2129,1919,1956,2051,2250,2112,2147,2064,2032,2024,2117,1943,2209,2073,2026,2173,2265,2238,2063,2023,2068,2138,2170,2092,2101,1987,1932,2045,2154,2274,2186,2025,2078,2097,2183,2120,2172,2047,1638,1693,1973,1779,1676,1649,2128,2435,2534,2416,2703,2905,2606,2707,3593,3390,3132,2553,2318,2317,2406,2411,2279,2264,2150,2101,2340,2219,2218,1943,1848,1821,2015,2009,2216,2035,1857,1999,2270,2207,2102,1983,1840,2008,1922,2004,2073,1876,1839.32764920828,2023,2281,2209,1914,2079,1936,1858,2023.47619047619,2072,2125,2027,1906,2023,2195,2156,2099,1140,1152,1108,1087,1127,1057,764,1262,995,1178,1450,1065,1170,1228,1232,1209,1065,1049,1153,983,1099,1054,1248,1086,1199,1130,1355,1248,1273,1422,1097,1377,1447,1516,1408,1484,1413,1471,1471,1958,1520,1522,1181,1444,1476,1409,1076,1150,1151,1297,1266,1435,1176,1184,1082,1284,1339,1432,1143,1145,1227,1291,1370,1136,1158,1147,1181,1145,1241,1327,1230,1215,1208,1239,1311,1258,1170,1224,1189,1190,1005,1183,1126,1182,1155,1179,1272,1241,1121,982,1174,1240,1188,1264,1211,1147,1068,1184,1187,1291,1208,1192,1176,1289,1184,1208,1196,1238,833,940,1002,922,670,915,1592,1243,1520,1380,1345,1714,1673,1569,2192,2696,2651,2137,1423,1223,1618,1508,1454,1199,1596,1312,1313,1532,1162,1145,856,922,966,957,1034,1012,939,1027,977,1004,909,1038,935,1018,837,954,925,930,897,899,968,997,931,950,984,791,901.8,935,901,930,993,892,1006,995,952,1060,1155,1074,1176,961,928,654,1008,883,977,1127,1061,922,1068,982,1179,1017,821,965,920,946,1064,1069,1109,991,1097,1062,1311,999,941,803.4,706,1211,1115,1148,1149,882.4,1250,1220,1194,1144,1083,880,913,944,1079,1057,1041,1167,1611,1525,1070,911,858,848,957,951,854,948,966,882,898,959,933,912,820,871,958,942,998,916,975,921,1029,953,962,894,941,903,1041,999,967,903,980,973,1036,950,1058,976,789,910,931,1017,984,957,961,958,1016,941,1043,998,993,823,850,958,921,950,916,767,813,632,857,621,719,836,572,947,895,881,1085,1097,1060,1458,1872,1548,1178,1164,1427,1160,1251,1024,1199,1097,977,945,778,832,886,660,753,1160,907,809,799,831,890,936,887,753,755,723,824,804.75,870,832,812,844.672131147541,872,743,854,846,816,771,800,761.2,784,715,892,824,885.75,923,848,791,57
81,3153,3012,3792,3679,3702,2616,3428,3131,3235,3015,3413,3160,2853,2809,3723,3642,3341,3011,3158,3302,3489,3405,3549,3154,3081,3242,4026,3773,3520,3153,1893,1171,1270,1245,1232,1144,1097,958,1363,1388,1253,1125,1224,1323,1251,1211,1305,956,976,1021,1233,1181,1181,1011,1045,1092,1288,1028,1134,884,872,868,1082,1153,1073,876,1021.5,1020,1113,1160,1129,905,878,984,1247,1212,1151,920,1063,1094,1081,1080,1156,890,852,1022,1191,1142,1065,991,969,1043,1074,1017,1046,900,791,911,1186,1100,1049,946,1031,1038,1028,1002,1137,931,834,906,1139,1165,1092,838,966,995,1015,962,1008,858,796,914,1117,1128,983,784,1890,1948,2027,2037,2184,1732,1426,1679,2133,2218,2187,1807,1708,1749,1908,1868,2044,1438,1260,1563,2097,2048,1961,1546,1837,1932,1932,1884,2054,1603,1316.71884920635,1648,2253,2302,1994,2021,2107,1998,2234.28571428571,1973,2197,1652,1324,1648,2226,2323,2192,1449,1353,1479,1389,1434,1359,927,1205,1490,1467,1358,1186,1561,1358,1497,1402,1365,1274,1290,1440,1500,1228,1524,1404,1326,1353,1457,1362,1240,1506,776,280,289,279,320,353,318.5,333,333,296,323,314,399,284,349,352,342,353,171,281,238,371,235,242,127,133,84,100,102,64,87,77,83,107,72,80,64,79,61,88,69,92,78,0,102,74,80,94,61,92,62,61,60,89,70,144,89,81,96,92,88,86,85,82,80,86,73,75,83,38,101,87,102,87,91,109,106,101,91,94,89,75,57,70,78,79,83,84,88,89,82,94,100,81,82,86,236,193,282,309,291,0,284,277,327,316,228,258,262,311,314,295,314,287,260,292,353,298,294,288,304,324,272,291,298,287,275,281,310,309,288,285,296,221,296.6,282,270,305,310,272,313,328,310,1238,1170,1168,1125,1125,1124,632,1178,1177,994,1141,1164,1223,1077,1200,1099,970,905,1044,1039,1314,1051,1080,1183,1166,1152,1223,1449,1007,1091,694.8,134,165,142,166,184,162,162,167,186,176,163,136,145,182,152,153,164,277,303,394,217,137,126,116,53,89,87,69,95,32,79,57,71,54,35,50,42,40,18,74,92,62,73,81,75,60,66,0,0,0,0,0,0,0,0,0,0,0,0,0,0,0,0,0,0,0,0,0,0,0,0,0,0,0,0,0,0,0,0,0,0,0,0,0,0,0,0,0,0,0,0,0,0,0,0,0,0,0,0,0,0,0,0,0,0,0,0,0,0,0,0,0,0,0,0,0,0,0,0,0,0,0,0,0,0,0,0,0,0,0,0,0,0,0,0,0,0,0,0,0,0,0,58
82,1524,1419,1782,1648,1478,948,1424,1366,1509,1344,1439,1650,1401,1497,1702,1651,1699,1482,1466,1542,1519,1454,1545,1548,1253,1429,1512,1629,1419,1323,1283,1409,1502,1627,1667,1596,1626,1450,1709,1605,1706,1522,1663,1642,1584,1638,1670,1650,1651,1643,1594,1562,1531,1516,1423,1521,1529,1648,1756,1363,1455,1401,1594,1669,1543,1420,1409.5,1370,1547,1595,1606,1431,1423,1535,1623,1568,1635,1423,1470,1479,1504,1507,1578,1392,1334,1450,1561,1560,1480,1394,1433,1513,1481,1534,1534,1356,1291,1451,1616,1486,1486,1395,1407,1484,1577,1531,1610,1439,1446,1528,1649,1574,1523,1339,1339,1273,1408,1367,1396,1181,1172,1287,1395,1423,1386,1247,1220,1352,1436,1413,1440,1248,1171,1252,1412,1360,1421,1287,1202,1227,1358,1365,1446,1226,1145,1291,1454,1394,1419,1341,1239,1299,1320,1382,1380,1171,1068.92887029289,1304,1487,1422,1281,1332,1190,1142,1210.80952380952,1247,1295,1147,1101,1304,1422,1386,1366,653,725,721,706,802,765,677,663,631,451,655,576,648,650,894,663,599,712,619,752,684,587,804,567,670,704,681,608,611,597,355,637,770,805,673,737,749.5,817,817,918,799,821,849,1037,930,997,790,722,790,864,747,890,881,821,662,630,624,689,709,569,699,714,498,629,584,531,514,479,554,671,633,629,618,809,674,664,710,602,596,627,556,683,641,631,553,603,640,694,632,558,597,640,649,663,632,661,616,723,600,606,667,655,555,546,629,640,629,663,621,717,716,644,607,679,611,610,620,604,620,605,542,552,627,632,562,605,506,546,526,526,524,334,543,547,566,520,491,464,439,511,489,479,488,538,477,558,540,542,510,492,583,567,506,508,476,529,371,513,499,539,472,504,519,416,431.4,463,487,520,493,598,508,532,478,675,641,683,592,532,468,393,626,441,392,445,503,531,505,615,607,555,575,555,551,563,564,613,484,524,534,489,795,493,389,456.6,563,649,619,578,568,453.6,559,774,777,720,604,591,599,638,666,637,567,754,1044,1273,747,510,626,377,317,331,376,332,291,320,297,323,269,375,322,267,300,274,310,324,319,311,316,346,317,313,353,315,336,306,336,343,326,321,352,335,336,338,319,331,342,331,333,313,320,305,361,333,356,308,325,310,338,356,344,389,332,354,344,326,336,308,266,305,331,370,310,312,291,353,383,364,380,371,329,339,353,319,328,362,334,353,336,317,257,288,384,274,307,319,273,308,329,312,373,378,323,285,331,275,327,343,354,304,289,355.948717948718,353,287,364,309,288.666666666667,328,316,305.2,233,260,309,298,362.75,329,335.5,282,59
85,1105,1028,1243,1155,1095,1063,1163,1277,1161,1093,1135,1077,1058,1027,1357,1246,1191,1050,972,1141,1199,1204,1101,960,993,1005,1231,1144,1071,957,1000,0,0,0,0,0,0,0,0,0,0,0,0,0,0,0,0,0,0,0,0,0,0,0,0,0,0,0,0,0,0,0,0,0,0,0,0,0,0,0,0,0,0,0,0,0,0,0,0,0,0,0,0,0,0,0,0,0,0,0,0,0,0,0,0,0,0,0,0,0,0,0,0,0,0,0,0,0,0,0,0,0,0,0,0,0,0,0,0,0,0,0,0,0,0,0,0,0,0,0,0,0,0,0,0,0,0,0,0,0,0,0,0,0,0,0,0,0,0,0,0,0,0,0,0,0,0,0,0,0,0,0,0,0,0,0,0,0,0,0,0,0,0,0,0,0,0,0,0,0,0,0,0,0,0,0,0,0,0,0,0,0,0,0,0,0,0,0,0,0,0,0,0,0,0,0,0,0,0,0,0,0,0,0,0,0,0,0,0,0,0,0,0,0,0,0,0,0,0,0,0,0,0,0,0,0,0,0,0,0,0,0,0,0,0,0,0,0,0,0,0,0,0,0,0,0,0,0,0,0,0,0,0,0,0,0,0,0,0,0,0,0,0,0,0,0,0,0,0,0,0,0,0,0,0,0,0,0,0,0,0,0,0,0,0,0,0,0,0,0,0,0,0,0,0,0,0,0,0,0,0,0,0,0,0,0,0,0,0,0,0,0,0,0,0,0,0,0,0,0,0,0,0,0,0,0,0,0,0,0,0,0,0,0,0,0,0,0,0,0,0,0,0,0,0,0,0,0,0,0,0,0,0,0,0,0,0,0,0,0,0,0,0,0,0,0,0,0,0,0,0,0,0,0,0,0,0,0,0,0,0,0,0,0,0,0,0,0,0,0,0,0,0,0,0,0,0,0,0,0,0,0,0,0,0,0,0,0,0,0,0,0,0,0,0,0,0,0,0,0,0,0,0,0,0,0,0,0,0,0,0,0,0,0,0,0,0,0,0,0,0,0,0,0,0,0,0,0,0,0,0,0,0,0,0,0,0,0,0,0,0,0,0,0,0,0,0,0,0,0,0,0,0,0,0,0,0,0,0,0,0,0,0,0,0,0,0,0,0,0,0,0,0,0,0,0,0,0,0,0,0,0,0,0,0,0,0,0,0,60
88,377,365,390,457,398,330,413,370,426,428,482,418,356,471,516,510,477,386,412,456,452,389,545,536,423,402,523,477,487,542,330,249,280,274,298,216,292,131,410,498,438,510,467,430,503,396,387,334,109,149,346,316,157,263,155,378,328,261,302,144,101,136,369,315,305,312,261.5,368,382,321,361,342,171,165,263,360,385,383,371,372,357,382,355,262,108,301,360,387,368,430,383,398,381,346,384,97,102,321,361,324,404,363,321,368,345,206,181,102,131,199,295,234,207,181,261,283,234,203,238,161,126,171,227,240,289,231,282,238,277,212,238,127,109,190,265,264,237,256,227,216,240,221,272,135,117,192,283,251,269,245,245,302,276,237,291,125,107.068965517241,194,263,267,216,384,253,256,311.666666666667,172,150,102,84,194,397,260,258,107,63,62,62,77,82,79,98,127,56,121,97,61,90,75,112,80,79,106,75,166,80,98,118,100,113,93,84,68,110,75,0,0,0,0,0,0,0,0,0,0,0,0,0,0,0,0,0,0,0,0,0,0,0,0,0,0,0,0,0,0,0,0,0,0,0,0,0,0,0,0,0,0,0,0,0,0,0,0,0,0,0,0,0,0,0,0,0,0,0,0,0,0,0,0,0,0,0,0,0,0,0,0,0,0,0,0,0,0,0,0,0,0,0,0,0,0,0,0,0,0,0,0,0,0,0,0,0,0,0,0,0,0,0,0,0,0,0,0,0,0,0,0,0,0,0,0,0,0,0,0,0,0,0,0,0,0,0,0,0,0,0,0,0,0,0,0,0,0,0,0,0,0,0,0,0,0,0,0,0,0,0,0,0,0,0,0,0,0,0,0,0,0,0,0,0,0,0,0,0,0,0,0,0,0,0,0,0,0,0,0,0,0,0,0,0,0,0,0,0,0,0,0,0,0,0,0,0,0,0,0,0,0,0,0,0,0,0,0,0,0,0,0,0,0,0,0,0,0,0,0,0,0,0,0,0,0,0,0,0,0,0,0,0,0,0,0,0,0,0,0,0,0,0,0,0,0,0,0,0,0,0,0,0,0,0,0,0,0,0,0,0,0,0,0,0,0,0,0,0,0,0,0,0,0,0,0,0,0,0,0,0,0,0,0,0,0,0,0,0,0,0,0,0,0,0,0,0,0,0,0,0,0,0,0,0,0,0,0,0,0,0,0,0,0,0,61
89,0,0,0,0,0,0,0,0,0,0,0,0,0,0,0,0,0,0,0,0,0,0,0,0,0,0,0,0,0,0,176,165,177,164,182,236,236,202,187,323,165,123,212,162,180,166,157,159,148,137,146,136,98,124,132,170,159,154,158,148,153,154,139,143,137,110,139,132,129,126,120,136,154,136,129,144,156,121,136,158,179,179,145,164,153,168,158,151,145,132,153,156,158,160,148,150,155,148,141,137,132,112,134,119,126,114,103,111,135,135,153,125,114,115,120,118,122,122,119,135,203,232,227,224,210,201,249,262,247,256,275,284,277,283,274,246,218,226,240,256,246,283,300,308,311,299,329,281,248,240,274,280,290,275,261,305,231.213389121339,237,252,227,208,231,221,232,247.857142857143,180,180,207,214,237,234,193,169,0,0,0,0,0,0,0,0,0,0,0,0,0,0,0,0,0,0,0,0,0,0,0,0,0,0,0,0,0,0,0,0,0,0,0,0,0,0,0,0,0,0,0,0,0,0,0,0,0,0,0,0,0,0,0,0,0,0,0,0,0,0,0,0,0,0,0,0,0,0,0,0,0,0,0,0,0,0,0,0,0,0,0,0,0,0,0,0,0,0,0,0,0,0,0,0,0,0,0,0,0,0,0,0,0,0,0,0,0,0,0,0,0,0,0,0,0,0,0,0,0,0,0,0,0,0,0,0,0,0,0,0,0,0,0,0,0,0,0,0,0,0,0,0,0,0,0,0,0,0,0,0,0,0,0,0,0,0,0,0,0,0,0,0,0,0,0,0,0,0,0,0,0,0,0,0,0,0,0,0,0,0,0,0,0,0,0,0,0,0,0,0,0,0,0,0,0,0,0,0,0,0,0,0,0,0,0,0,0,0,0,0,0,0,0,0,0,0,0,0,0,0,0,0,0,0,0,0,0,0,0,0,0,0,0,0,0,0,0,0,0,0,0,0,0,0,0,0,0,0,0,0,0,0,0,0,0,0,0,0,0,0,0,0,0,0,0,0,0,0,0,0,0,0,0,0,0,0,0,0,0,0,0,0,0,0,0,0,0,0,0,0,0,0,0,0,0,0,0,0,0,0,0,0,0,0,0,0,0,0,0,0,0,0,0,0,0,0,0,0,0,0,0,0,0,0,0,0,0,0,0,0,0,0,0,0,0,0,0,0,0,0,0,0,0,0,62
95,,,,,,,,,,,,,,,,,,,,,,,,,,,,,,,,,,,,,,,,,,,,,,,,,,,,,,,,,,,,,,,,,,,,,,,,,,,,,,,,,,,,,,,,,,,,,,,,,,,,,,,,,,,,,,,,,,,,,,,,,,,,,,,,,,,,,,,,,,,,,,,,,,,,,,,,,,,,,,,,,,,220,0,0,0,0,0,0,0,0,0,0,,,,,,,,,,,,,,,,,,,,,,,,,,,,,,,,,,,,,,,,,,,,,,,,,,,,,,,,,,,,,,,,,,,,,,,,,,,,,,,,,,,,,,,,,,,,,,,,,,,,,,,,,,,,,,,,,,,,,,,,,,,,,,,,,,,,,,,,,,,,,,,,,,,,,,,,,,,,,,,,,,,400,0,0,0,0,0,0,0,0,0,0,,,,,,,,,,,,,,,,,,,,,,,,,,,,,,,,,,,,,,,,,,,,,,,,,,,,,,,,,,,,,,,,,,,,,,,,,,,,,,,,,,,,,,,,,,,,,,,,,,,,,,,,,,,,,,,,,,,,,,,,,,,,,,,,,,,,,,,,,,,,,,,,,,,,,,,,,,,,,,,,,,,,,,,,,,,,,,63
101,111,92,118,113,88,67,89,85,93,93,99,94,82,89,102,89,92,57,100,98,92,92,91,91,95,105,109,105,93,69,77,73,86,71,71,95,88,66,92,89,82,53,67,64,83,64,58,78,70,68,62,69,75,51,40,52,47,43,46,45,34,29,33,33,37,15,33,42,36,37,43,33,35,37,38,47,43,33,52,54,65,57,64,63,66,70,74,72,68,50,70,72,81,73,76,76,81,76,85,82,73,58,66,76,73,76,82,86,78,73,93,75,76,63,77,77,86,78,78,84,90,82,78,74,73,68,86,81,78,74,74,75,64,68,68,61,63,54,56,56,57,59,62,68,63,57,59,57,60,40,53,59,57,52,56,57,57.6842105263158,65,58,52,42,44,51,45,47.5238095238095,55,55,45,52,65,57,47,51,0,0,0,0,0,0,0,0,0,0,0,0,0,0,0,0,0,0,0,0,0,0,0,0,0,0,0,0,0,0,0,0,0,0,0,0,0,0,0,0,0,0,0,0,0,0,0,0,0,0,0,0,0,0,0,0,0,0,0,0,0,0,0,0,0,0,0,0,0,0,0,0,0,0,0,0,0,0,0,0,0,0,0,0,0,0,0,0,0,0,0,0,0,0,0,0,0,0,0,0,0,0,0,0,0,0,0,0,0,0,0,0,0,0,0,0,0,0,0,0,0,0,0,0,0,0,0,0,0,0,0,0,0,0,0,0,0,0,0,0,0,0,0,0,0,0,0,0,0,0,0,0,0,0,0,0,0,0,0,0,0,0,0,0,0,0,0,0,0,0,0,0,0,0,0,0,0,0,0,0,0,0,0,0,0,0,0,0,0,0,0,0,0,0,0,0,0,0,0,0,0,0,0,0,0,0,0,0,0,0,0,0,0,0,0,0,0,0,0,0,0,0,0,0,0,0,0,0,0,0,0,0,0,0,0,0,0,0,0,0,0,0,0,0,0,0,0,0,0,0,0,0,0,0,0,0,0,0,0,0,0,0,0,0,0,0,0,0,0,0,0,0,0,0,0,0,0,0,0,0,0,0,0,0,0,0,0,0,0,0,0,0,0,0,0,0,0,0,0,0,0,0,0,0,0,0,0,0,0,0,0,0,0,0,0,0,0,0,0,0,0,0,0,0,0,0,0,0,0,0,0,0,0,0,0,0,0,0,0,0,0,0,0,0,0,0,64
102,112,126,137,116,108,79,104,111,112,111,131,118,103,107,119,131,112,90,115,117,108,113,116,89,96,112,117,104,104,87,128,126,110,137,124,175,171,152,144,164,149,115,153,168,135,152,160,135,135,150,151,154,129,98,159,152,140,141,170,124,128,119,163,153,141,93,155,160,180,174,180,187,185,199,214,227,233,168,231,232,250,242,248,241,253,266,292,318,282,227,285,294,304,285,305,300,293,308,327,327,307,237,299,304,318,307,303,307,294,318,318,336,329,274,321,324,334,301,310,313,321,324,317,323,336,242,330,321,333,324,320,331,317,334,345,342,357,305,325,323,344,329,324,330,314,343,343,335,334,250,287,310,305,296,303,292,289.503649635036,303,289,296,239,252,285,274,265.142857142857,257,234,228,235,303,266,255,241,0,0,0,0,0,0,0,0,0,0,0,0,0,0,0,0,0,0,0,0,0,0,0,0,0,0,0,0,0,0,0,0,0,0,0,0,0,0,0,0,0,0,0,0,0,0,0,0,0,0,0,0,0,0,0,0,0,0,0,0,0,0,0,0,0,0,0,0,0,0,0,0,0,0,0,0,0,0,0,0,0,0,0,0,0,0,0,0,0,0,0,0,0,0,0,0,0,0,0,0,0,0,0,0,0,0,0,0,0,0,0,0,0,0,0,0,0,0,0,0,0,0,0,0,0,0,0,0,0,0,0,0,0,0,0,0,0,0,0,0,0,0,0,0,0,0,0,0,0,0,0,0,0,0,0,0,0,0,0,0,0,0,0,0,0,0,0,0,0,0,0,0,0,0,0,0,0,0,0,0,0,0,0,0,0,0,0,0,0,0,0,0,0,0,0,0,0,0,0,0,0,0,0,0,0,0,0,0,0,0,0,0,0,0,0,0,0,0,0,0,0,0,0,0,0,0,0,0,0,0,0,0,0,0,0,0,0,0,0,0,0,0,0,0,0,0,0,0,0,0,0,0,0,0,0,0,0,0,0,0,0,0,0,0,0,0,0,0,0,0,0,0,0,0,0,0,0,0,0,0,0,0,0,0,0,0,0,0,0,0,0,0,0,0,0,0,0,0,0,0,0,0,0,0,0,0,0,0,0,0,0,0,0,0,0,0,0,0,0,0,0,0,0,0,0,0,0,0,0,0,0,0,0,0,0,0,0,0,0,0,0,0,0,0,0,0,65
103,99,100,113,98,101,56,98,86,103,92,115,113,112,104,115,110,100,60,93,93,105,91,102,106,104,105,131,124,130,67,122,144,146,159,163,193,181,173,169,173,155,115,113,114,113,120,139,134,143,147,138,129,117,103,115,116,136,127,114,130,141,146,147,135,132,89,130.5,130,156,149,171,165,157,156,157,159,170,122,171,177,181,184,189,199,197,206,214,224,207,169,200,191,213,227,216,222,215,207,207,213,197,153,179,185,190,183,184,194,190,194,206,213,207,167,186,178,187,172,178,201,197,202,197,189,183,140,190,192,191,189,187,197,199,186,181,187,171,144,172,166,182,167,180,175,166,160,171,168,176,124,158,160,153,153,154,149,141.125,154,162,159,138,126,144,132,142.619047619048,144,150,144,134,154,137,144,141,0,0,0,0,0,0,0,0,0,0,0,0,0,0,0,0,0,0,0,0,0,0,0,0,0,0,0,0,0,0,0,0,0,0,0,0,0,0,0,0,0,0,0,0,0,0,0,0,0,0,0,0,0,0,0,0,0,0,0,0,0,0,0,0,0,0,0,0,0,0,0,0,0,0,0,0,0,0,0,0,0,0,0,0,0,0,0,0,0,0,0,0,0,0,0,0,0,0,0,0,0,0,0,0,0,0,0,0,0,0,0,0,0,0,0,0,0,0,0,0,0,0,0,0,0,0,0,0,0,0,0,0,0,0,0,0,0,0,0,0,0,0,0,0,0,0,0,0,0,0,0,0,0,0,0,0,0,0,0,0,0,0,0,0,0,0,0,0,0,0,0,0,0,0,0,0,0,0,0,0,0,0,0,0,0,0,0,0,0,0,0,0,0,0,0,0,0,0,0,0,0,0,0,0,0,0,0,0,0,0,0,0,0,0,0,0,0,0,0,0,0,0,0,0,0,0,0,0,0,0,0,0,0,0,0,0,0,0,0,0,0,0,0,0,0,0,0,0,0,0,0,0,0,0,0,0,0,0,0,0,0,0,0,0,0,0,0,0,0,0,0,0,0,0,0,0,0,0,0,0,0,0,0,0,0,0,0,0,0,0,0,0,0,0,0,0,0,0,0,0,0,0,0,0,0,0,0,0,0,0,0,0,0,0,0,0,0,0,0,0,0,0,0,0,0,0,0,0,0,0,0,0,0,0,0,0,0,0,0,0,0,0,0,0,0,0,66
104,77,75,59,85,78,62,72,59,64,68,68,85,84,80,87,89,63,62,75,81,96,106,92,89,100,78,89,89,87,79,74,73,90,90,102,110,109,124,122,121,103,76,81,80,88,87,95,85,88,107,92,94,96,80,81,88,84,77,83,72,64,65,79,84,84,57,70,67,76,82,84,87,86,89,85,87,90,70,84,75,89,77,88,73,73,78,82,88,78,61,78,85,91,84,85,80,83,82,89,77,74,62,71,78,82,83,92,91,91,91,86,87,98,82,94,89,86,82,78,85,85,88,78,75,72,60,77,75,78,78,78,85,83,82,79,81,83,81,69,72,63,58,64,77,79,75,78,80,81,69,71,74,77,70,78,70,70.5974025974026,63,62,65,52,47,54,50,58.5238095238095,47,36,63,56,63,57,53,46,0,0,0,0,0,0,0,0,0,0,0,0,0,0,0,0,0,0,0,0,0,0,0,0,0,0,0,0,0,0,0,0,0,0,0,0,0,0,0,0,0,0,0,0,0,0,0,0,0,0,0,0,0,0,0,0,0,0,0,0,0,0,0,0,0,0,0,0,0,0,0,0,0,0,0,0,0,0,0,0,0,0,0,0,0,0,0,0,0,0,0,0,0,0,0,0,0,0,0,0,0,0,0,0,0,0,0,0,0,0,0,0,0,0,0,0,0,0,0,0,0,0,0,0,0,0,0,0,0,0,0,0,0,0,0,0,0,0,0,0,0,0,0,0,0,0,0,0,0,0,0,0,0,0,0,0,0,0,0,0,0,0,0,0,0,0,0,0,0,0,0,0,0,0,0,0,0,0,0,0,0,0,0,0,0,0,0,0,0,0,0,0,0,0,0,0,0,0,0,0,0,0,0,0,0,0,0,0,0,0,0,0,0,0,0,0,0,0,0,0,0,0,0,0,0,0,0,0,0,0,0,0,0,0,0,0,0,0,0,0,0,0,0,0,0,0,0,0,0,0,0,0,0,0,0,0,0,0,0,0,0,0,0,0,0,0,0,0,0,0,0,0,0,0,0,0,0,0,0,0,0,0,0,0,0,0,0,0,0,0,0,0,0,0,0,0,0,0,0,0,0,0,0,0,0,0,0,0,0,0,0,0,0,0,0,0,0,0,0,0,0,0,0,0,0,0,0,0,0,0,0,0,0,0,0,0,0,0,0,0,0,0,0,0,0,0,67
120,74,67,77,65,65,49,74,94,82,75,96,82,87,74,61,72,67,63,65,72,70,72,80,87,74,82,80,75,88,48,98,91,102,109,119,166,187,164,182,203,188,144,175,163,156,150,156,166,149,150,157,165,160,123,158,168,158,153,185,151,156,162,156,161,166,124,160,163,186,182,195,198,177,192,196,200,194,136,198,214,242,237,233,239,207,232,252,280,229,199,344,255,273,249,268,261,225,240,257,246,239,178,244,254,264,259,264,271,305,298,327,316,262,234,272,270,270,260,265,271,264,274,295,287,254,202,245,245,242,241,244,245,226,226,245,228,221,191,186,186,199,174,199,196,192,191,209,205,190,144,130,151,148,150,151,149,140.464285714286,142,157,152,132,142,148,140,141.904761904762,147,159,132,126,142,139,137,122,0,0,0,0,0,0,0,0,0,0,0,0,0,0,0,0,0,0,0,0,0,0,0,0,0,0,0,0,0,0,0,0,0,0,0,0,0,0,0,0,0,0,0,0,0,0,0,0,0,0,0,0,0,0,0,0,0,0,0,0,0,0,0,0,0,0,0,0,0,0,0,0,0,0,0,0,0,0,0,0,0,0,0,0,0,0,0,0,0,0,0,0,0,0,0,0,0,0,0,0,0,0,0,0,0,0,0,0,0,0,0,0,0,0,0,0,0,0,0,0,0,0,0,0,0,0,0,0,0,0,0,0,0,0,0,0,0,0,0,0,0,0,0,0,0,0,0,0,0,0,0,0,0,0,0,0,0,0,0,0,0,0,0,0,0,0,0,0,0,0,0,0,0,0,0,0,0,0,0,0,0,0,0,0,0,0,0,0,0,0,0,0,0,0,0,0,0,0,0,0,0,0,0,0,0,0,0,0,0,0,0,0,0,0,0,0,0,0,0,0,0,0,0,0,0,0,0,0,0,0,0,0,0,0,0,0,0,0,0,0,0,0,0,0,0,0,0,0,0,0,0,0,0,0,0,0,0,0,0,0,0,0,0,0,0,0,0,0,0,0,0,0,0,0,0,0,0,0,0,0,0,0,0,0,0,0,0,0,0,0,0,0,0,0,0,0,0,0,0,0,0,0,0,0,0,0,0,0,0,0,0,0,0,0,0,0,0,0,0,0,0,0,0,0,0,0,0,0,0,0,0,0,0,0,0,0,0,0,0,0,0,0,0,0,0,0,68
121,157,153,176,167,152,127,167,144,145,177,173,181,165,200,188,190,169,135,171,175,180,207,191,169,172,190,190,181,184,134,214,233,224,280,287,321,330,312,327,319,258,239,270,264,283,262,260,248,258,268,256,232,237,221,261,253,245,243,241,246,221,237,249,269,227,180,265.6,257,298,271,270,258,255,261,273,271,248,198,265,285,300,294,308,304,310,307,334,358,300,249,515,352,370,371,354,364,351,370,412,420,394,305,373,400,421,432,430,430,443,461,486,447,383,338,397,381,390,384,381,382,367,396,400,373,371,275,358,347,360,343,356,369,352,368,362,367,358,284,347,345,353,332,332,329,322,318,328,326,328,241,288,292,286,281,298,280,276.757475083056,269,283,282,246,238,267,261,271.428571428571,270,240,265,268,269,289,287,272,0,0,0,0,0,0,0,0,0,0,0,0,0,0,0,0,0,0,0,0,0,0,0,0,0,0,0,0,0,0,0,0,0,0,0,0,0,0,0,0,0,0,0,0,0,0,0,0,0,0,0,0,0,0,0,0,0,0,0,0,0,0,0,0,0,0,0,0,0,0,0,0,0,0,0,0,0,0,0,0,0,0,0,0,0,0,0,0,0,0,0,0,0,0,0,0,0,0,0,0,0,0,0,0,0,0,0,0,0,0,0,0,0,0,0,0,0,0,0,0,0,0,0,0,0,0,0,0,0,0,0,0,0,0,0,0,0,0,0,0,0,0,0,0,0,0,0,0,0,0,0,0,0,0,0,0,0,0,0,0,0,0,0,0,0,0,0,0,0,0,0,0,0,0,0,0,0,0,0,0,0,0,0,0,0,0,0,0,0,0,0,0,0,0,0,0,0,0,0,0,0,0,0,0,0,0,0,0,0,0,0,0,0,0,0,0,0,0,0,0,0,0,0,0,0,0,0,0,0,0,0,0,0,0,0,0,0,0,0,0,0,0,0,0,0,0,0,0,0,0,0,0,0,0,0,0,0,0,0,0,0,0,0,0,0,0,0,0,0,0,0,0,0,0,0,0,0,0,0,0,0,0,0,0,0,0,0,0,0,0,0,0,0,0,0,0,0,0,0,0,0,0,0,0,0,0,0,0,0,0,0,0,0,0,0,0,0,0,0,0,0,0,0,0,0,0,0,0,0,0,0,0,0,0,0,0,0,0,0,0,0,0,0,0,0,0,69
122,30,33,37,44,36,25,35,32,30,29,34,32,37,34,33,41,30,18,32,33,26,43,36,34,32,38,39,34,36,14,30,33,38,52,44,64,65,62,64,72,50,30,51,49,45,35,42,35,40,31,37,38,37,35,33,44,32,31,38,32,34,41,32,27,25,25,31.5,28,37,30,35,36,35,34,31,29,31,21,41,46,56,51,56,51,47,56,60,66,61,45,57,52,60,63,64,66,69,65,66,70,65,42,63,62,66,59,66,69,46,45,45,47,46,40,53,48,49,51,48,49,43,47,44,41,48,35,43,41,44,40,41,40,38,43,45,46,46,40,40,39,40,44,42,35,39,38,40,42,47,30,38,42,36,36,34,34,32.5882352941176,35,34,36,29,29,34,34,28.2857142857143,22,15,27,30,35,31,29,25,0,0,0,0,0,0,0,0,0,0,0,0,0,0,0,0,0,0,0,0,0,0,0,0,0,0,0,0,0,0,0,0,0,0,0,0,0,0,0,0,0,0,0,0,0,0,0,0,0,0,0,0,0,0,0,0,0,0,0,0,0,0,0,0,0,0,0,0,0,0,0,0,0,0,0,0,0,0,0,0,0,0,0,0,0,0,0,0,0,0,0,0,0,0,0,0,0,0,0,0,0,0,0,0,0,0,0,0,0,0,0,0,0,0,0,0,0,0,0,0,0,0,0,0,0,0,0,0,0,0,0,0,0,0,0,0,0,0,0,0,0,0,0,0,0,0,0,0,0,0,0,0,0,0,0,0,0,0,0,0,0,0,0,0,0,0,0,0,0,0,0,0,0,0,0,0,0,0,0,0,0,0,0,0,0,0,0,0,0,0,0,0,0,0,0,0,0,0,0,0,0,0,0,0,0,0,0,0,0,0,0,0,0,0,0,0,0,0,0,0,0,0,0,0,0,0,0,0,0,0,0,0,0,0,0,0,0,0,0,0,0,0,0,0,0,0,0,0,0,0,0,0,0,0,0,0,0,0,0,0,0,0,0,0,0,0,0,0,0,0,0,0,0,0,0,0,0,0,0,0,0,0,0,0,0,0,0,0,0,0,0,0,0,0,0,0,0,0,0,0,0,0,0,0,0,0,0,0,0,0,0,0,0,0,0,0,0,0,0,0,0,0,0,0,0,0,0,0,0,0,0,0,0,0,0,0,0,0,0,0,0,0,0,0,0,0,70
140,126,130,148,156,133,88,116,105,101,125,145,135,159,149,172,157,126,97,129,138,156,183,172,178,175,163,168,164,152,125,107,128,115,122,140,187,184,152,169,169,171,130,142,147,164,157,154,183,159,124,157,130,145,89,95,107,99,107,110,115,107,110,113,125,109,82,97,109,125,127,123,144,123,116,121,128,116,92,121,121,133,148,159,143,146,140,136,143,123,100,169,147,166,160,169,176,171,152,157,153,146,126,145,152,153,118,92,108,283,280,285,237,215,189,162,172,190,187,204,173,179,197,187,184,164,109,140,148,143,157,153,142,141,121,129,122,110,89,85,95,100,111,105,108,108,97,109,101,99,77,60,58,53,57,60,63,61.3469387755102,51,50,64,54,51,45,48,46.5714285714286,51,46,53,46,51,55,53,48,0,0,0,0,0,0,0,0,0,0,0,0,0,0,0,0,0,0,0,0,0,0,0,0,0,0,0,0,0,0,0,0,0,0,0,0,0,0,0,0,0,0,0,0,0,0,0,0,0,0,0,0,0,0,0,0,0,0,0,0,0,0,0,0,0,0,0,0,0,0,0,0,0,0,0,0,0,0,0,0,0,0,0,0,0,0,0,0,0,0,0,0,0,0,0,0,0,0,0,0,0,0,0,0,0,0,0,0,0,0,0,0,0,0,0,0,0,0,0,0,0,0,0,0,0,0,0,0,0,0,0,0,0,0,0,0,0,0,0,0,0,0,0,0,0,0,0,0,0,0,0,0,0,0,0,0,0,0,0,0,0,0,0,0,0,0,0,0,0,0,0,0,0,0,0,0,0,0,0,0,0,0,0,0,0,0,0,0,0,0,0,0,0,0,0,0,0,0,0,0,0,0,0,0,0,0,0,0,0,0,0,0,0,0,0,0,0,0,0,0,0,0,0,0,0,0,0,0,0,0,0,0,0,0,0,0,0,0,0,0,0,0,0,0,0,0,0,0,0,0,0,0,0,0,0,0,0,0,0,0,0,0,0,0,0,0,0,0,0,0,0,0,0,0,0,0,0,0,0,0,0,0,0,0,0,0,0,0,0,0,0,0,0,0,0,0,0,0,0,0,0,0,0,0,0,0,0,0,0,0,0,0,0,0,0,0,0,0,0,0,0,0,0,0,0,0,0,0,0,0,0,0,0,0,0,0,0,0,0,0,0,0,0,0,0,0,71
141,0,0,0,0,0,0,0,0,0,0,0,0,0,0,0,0,0,0,0,0,0,0,0,0,0,0,0,0,0,0,0,0,0,0,0,0,0,0,0,0,0,0,0,0,0,0,0,0,0,0,0,0,0,0,0,0,0,0,0,0,0,0,0,0,0,0,0,0,0,0,0,0,0,0,0,0,0,0,0,0,0,0,0,0,0,0,0,0,0,0,0,0,0,0,0,0,0,0,0,0,0,0,0,0,0,0,0,0,0,0,0,0,0,0,0,0,0,0,0,0,0,0,0,0,0,0,0,0,0,0,0,0,0,0,0,0,0,0,0,0,0,0,0,0,0,0,0,0,0,0,0,0,0,0,0,0,0,0,0,0,0,0,0,0,0,0,0,0,0,0,0,0,0,151,132,149,93,90,77,0,0,0,136,123,401,308,396,78,63,0,0,0,0,0,0,0,0,0,0,0,0,0,0,0,0,0,0,0,0,0,0,0,0,0,0,0,0,0,0,0,0,0,0,0,0,0,0,0,0,0,0,0,0,0,0,0,0,0,0,0,0,0,0,0,0,0,0,0,0,0,0,0,0,0,0,0,0,0,0,0,0,0,0,0,0,0,0,0,0,0,0,0,0,0,0,0,0,0,0,0,0,0,0,0,0,0,0,0,0,0,0,0,0,0,0,0,0,0,0,0,0,0,0,0,0,0,0,0,0,0,0,0,0,0,0,0,0,0,0,0,0,0,0,0,0,0,0,0,0,0,0,0,0,0,0,0,0,0,0,0,0,0,0,0,0,0,103,81,80,57,60,41,0,0,0,16,138,16,70,16,73,96,0,0,0,0,0,0,0,0,0,0,0,0,0,0,0,0,0,0,0,0,0,0,0,0,0,0,0,0,0,0,0,0,0,0,0,0,0,0,0,0,0,0,0,0,0,0,0,0,0,0,0,0,0,0,0,0,0,0,0,0,0,0,0,0,0,0,0,0,0,0,0,0,0,0,0,0,0,0,0,0,0,0,0,0,0,0,0,0,0,0,0,0,0,0,0,0,0,0,0,0,0,0,0,0,0,0,0,0,0,0,0,0,0,0,0,0,0,0,0,0,0,0,0,0,0,0,0,0,0,0,0,0,0,0,0,0,0,0,0,0,0,0,0,0,0,0,0,0,0,0,0,0,0,0,0,0,0,72
168,0,0,0,0,0,0,0,0,0,0,0,0,0,0,0,0,0,0,0,0,0,0,0,0,0,0,0,0,0,0,116,182,197,265,274,258,291,274,340,317,277,221,245,262,245,232,244,222,203,245,271,245,237,192,212,225,214,204,215,165,183,185,205,198,202,199,220.5,228,251,235,271,219,208,241,284,283,276,184,233,279,283,272,268,242,233,271,320,331,291,215,268,298,303,298,284,257,257,283,345,319,315,235,291,316,303,302,280,260,298,316,383,402,382,349,307,324,339,328,309,291,268,299,359,336,326,252,283,318,314,313,294,268,261,288,321,317,321,242,268,292,276,273,272,267,246,252,312,313,302,238,233,244,238,241,240,210,207.367521367521,223,252,245,199,206,219,239,247.904761904762,222,220,177,177,223,224,212,204,0,0,0,0,0,0,0,0,0,0,0,0,0,0,0,0,0,0,0,0,0,0,0,0,0,0,0,0,0,0,0,0,0,0,0,0,0,0,0,0,0,0,0,0,0,0,0,0,0,0,0,0,0,0,0,0,0,0,0,0,0,0,0,0,0,0,0,0,0,0,0,0,0,0,0,0,0,0,0,0,0,0,0,0,0,0,0,0,0,0,0,0,0,0,0,0,0,0,0,0,0,0,0,0,0,0,0,0,0,0,0,0,0,0,0,0,0,0,0,0,0,0,0,0,0,0,0,0,0,0,0,0,0,0,0,0,0,0,0,0,0,0,0,0,0,0,0,0,0,0,0,0,0,0,0,0,0,0,0,0,0,0,0,0,0,0,0,0,0,0,0,0,0,0,0,0,0,0,0,0,0,0,0,0,0,0,0,0,0,0,0,0,0,0,0,0,0,0,0,0,0,0,0,0,0,0,0,0,0,0,0,0,0,0,0,0,0,0,0,0,0,0,0,0,0,0,0,0,0,0,0,0,0,0,0,0,0,0,0,0,0,0,0,0,0,0,0,0,0,0,0,0,0,0,0,0,0,0,0,0,0,0,0,0,0,0,0,0,0,0,0,0,0,0,0,0,0,0,0,0,0,0,0,0,0,0,0,0,0,0,0,0,0,0,0,0,0,0,0,0,0,0,0,0,0,0,0,0,0,0,0,0,0,0,0,0,0,0,0,0,0,0,0,0,0,0,0,0,0,0,0,0,0,0,0,0,0,0,0,0,0,0,0,0,0,0,73
180,1345,1489,1656,1645,1673,1299,1406,1601,1495,1488,1657,1793,1868,1799,1935,1767,1750,1444,1458,1711,1628,1789,1728,1662,1653,1920,2134,1936,1814,1634,1313,1353,1458,1533,1437,1534,1633,1720,1858,1823,1767,1566,1523,1710,1599,1634,1527,1455,984,633,558,547,550,489,504,604,535,609,686,607,652,659,641,738,650,564,617.4,592,594,635,637,678,681,656,622,534,611,498,565,603,638,615,632,681,699,683,652,678,639,538,564,580,549,650,564,579,533,604,545,555,634,581,599,634,656,632,624,661,647,624,640,679,652,560,692,841,756,802,984,1053,1015,1009,1475,1299,1242,1066,942,926,868,805,766,779,737,676,665,684,675,585,544,572,599,560,568,537,552,546,545,527,543,483,398,399,365,403,398,399,424.096385542169,408,394,222,138,146,127,139,136.238095238095,152,195,174,199,408,195,173,167,1025,946,984,998,1003,913,882,1182,1145,933,1162,1132,1281,1274,1274,1152,1088,1071,955,1078,1207,1053,1278,1373,1282,1369,1223,1310,1315,1218,1104,1109,1232,1353,1278,1409,1420,1476,1476,1799,1549,1364,1302,1360,1251,1407,1321,1376,1385,1265,1370,1165,1348,1153,1148,1090,1284,1376,1293,1296,1222,1137,1336,1337,1282,1070,1293,0,0,0,0,0,0,0,0,0,0,0,0,0,0,0,0,0,0,0,0,0,0,0,0,0,0,0,0,0,0,0,0,0,0,0,0,0,0,0,0,0,0,0,0,0,0,0,0,0,0,0,0,0,0,0,0,0,0,0,0,0,0,0,0,0,0,0,0,0,0,0,0,0,0,0,0,0,0,0,0,0,0,0,0,0,0,0,0,0,0,0,0,0,0,0,0,0,0,0,0,0,0,0,0,0,0,852,797,817,835,838,778,698,845,953,836,940,901,870,969,1030,985,875,727,727,799,942,1041,1020,1032,1106,1075,1042,1299,910,939,806.6,865,834,993,939,1036,853.2,1326,1183,1394,1143,936,947,952,1091,1407,1321,1151,1097,1202,1192,1028,991,866,847,901,958,846,1064,921,956,958,1047,1097,956,746,772,0,0,0,0,0,0,0,0,0,0,0,0,0,0,0,0,0,0,0,0,0,0,0,0,0,0,0,0,0,0,0,0,0,0,0,0,0,0,0,0,0,0,0,0,0,0,0,0,0,0,0,0,0,0,0,0,0,0,0,0,0,0,0,0,0,0,0,0,0,0,0,0,0,0,0,0,0,0,0,0,0,0,0,0,0,0,0,0,0,0,0,0,0,0,0,0,0,0,0,0,0,0,0,0,0,0,74
181,0,0,0,0,0,0,0,0,0,0,0,0,0,0,0,0,0,0,0,0,0,0,0,0,0,0,0,0,0,0,468,582,586,610,550,561,576,570,797,745,698,610,580,653,584,647,556,542,860,1281,1472,1515,1508,1237,1271,1565,1461,1587,1619,1302,1345,1331,1727,1846,1728,1298,1391,1776,1736,1869,1839,1563,1642,1800,2131,2070,1995,1752,1804,2065,2036,2158,2012,2008,2048,2350,2775,2745,2672,1893,1939,2181,2187,2494,2054,1793,1536,1955,2544,2373,2383,1924,2245,2587,2556,2420,2236,1986,2273,2503,3056,3023,2886,2438,2183,2525,2722,2814,2622,2296,2339,2725,3520,3524,3259,2574,2212,2979,2705,2778,2550,2185,2134,2257,2765,2722,2608,2220,1845,2467,2291,2363,2234,1878,1841,1962,2546,2590,2279,1865,1678,2093,1853,2038,1914,1541,1501.97647058824,1749,2193,1882,1574,1507,1336,1591,1609.95238095238,1545,1508,1310,1260,1749,1854,1838,1652,0,0,0,0,0,0,0,0,0,0,0,0,0,0,0,0,0,0,0,0,0,0,0,0,0,0,0,0,0,0,0,0,0,0,0,0,0,0,0,0,0,0,0,0,0,0,0,0,0,0,0,0,0,0,0,0,0,0,0,0,0,0,0,0,0,0,1295,1168,1219,1457,1468,1371,1657,1632,1542,1597,1592,1390,1372,1676,1577,1685,1711,1606,1664,1703,1762,1810,1668,1435,1416,1664,1711,1743,1664,1666,1729,1774,1863,1725,1796,1619,1855,1712,1919,1995,2128,2102,2063,2168,2157,2090,2007,1975,2262,2136,2340,2323,2474,2608,2755,2772,3391,3576,3239,3146,2235,2942,2154,2315,2210,1913,2197,2127,2049,2147,1753,1746,1551,1592,1628,1558,1718,1746,1629,1732,1729,1674,1555,1445,1284,1367,1320,1409,1399,1381,1350,1389,1552,1387,1135,1066,993,1030,1057.4,1171,1118,1129,1098,1283,1224,1199,1031,0,0,0,0,0,0,0,0,0,0,0,0,0,0,0,0,0,0,0,0,0,0,0,0,0,0,0,0,0,0,0,0,0,0,0,0,0,0,0,0,0,0,0,0,0,0,0,0,0,0,0,0,0,0,0,0,0,0,0,0,0,0,0,0,0,0,968,1081,1046,1136,1174,1156,1183,1969,1291,1195,1125,945,1112,1231,1222,1283,1373,1298,1322,1426,1416,1458,1281,1027,1138,1351,1332,1298,1375,1290,1339,1472,1513,1511,1392,1277,1347,1477,1685,1522,1412,1565,1620,1778,1754,1666,1662,1418,1500,1278,1621,1723,1796,1910,2006,2100,2499,2710,2509,2106,1742,1923,1826,1785,1763,1913,2006,1659,1534,1432,1260,1338,1188,1279,1826,1246,1422,1294,1218,1348,1390,1318,1310,1182,1052,1068,1004.25,1095,1224,1151,1141.75,1165,917,1039,900,816,837,883,852.2,814,785,927,928,943.75,948,896.75,877,75
182,91,88,117,105,89,59,74,91,81,78,89,92,67,77,102,83,86,63,100,102,89,92,94,95,90,93,106,89,84,41,78,74,73,78,79,97,102,85,77,71,63,56,70,58,60,59,79,81,64,68,71,72,82,52,73,80,82,59,68,80,76,80,63,68,66,33,54.7,63,69,64,60,68,67,66,60,62,66,43,59,59,63,62,62,61,59,61,60,55,51,33,46,48,46,40,42,41,42,36,36,37,33,19,39,38,39,37,34,41,37,31,29,29,19,23,34,36,33,31,29,39,39,41,34,33,32,22,33,36,34,30,30,39,44,40,30,32,34,28,41,38,35,39,40,42,48,41,36,32,33,19,29,30,28,32,32,32,41.4838709677419,35,30,31,23,22,16,13,13.6190476190476,18,15,19,18,35,14,18,18,0,0,0,0,0,0,0,0,0,0,0,0,0,0,0,0,0,0,0,0,0,0,0,0,0,0,0,0,0,0,0,0,0,0,0,0,0,0,0,0,0,0,0,0,0,0,0,0,0,0,0,0,0,0,0,0,0,0,0,0,0,0,0,0,0,0,0,0,0,0,0,0,0,0,0,0,0,0,0,0,0,0,0,0,0,0,0,0,0,0,0,0,0,0,0,0,0,0,0,0,0,0,0,0,0,0,0,0,0,0,0,0,0,0,0,0,0,0,0,0,0,0,0,0,0,0,0,0,0,0,0,0,0,0,0,0,0,0,0,0,0,0,0,0,0,0,0,0,0,0,0,0,0,0,0,0,0,0,0,0,0,0,0,0,0,0,0,0,0,10,0,0,0,0,0,0,0,0,0,0,0,0,0,0,0,0,0,0,0,0,0,0,0,0,0,0,0,0,0,0,0,0,0,0,0,0,0,0,0,0,0,0,0,0,0,0,0,0,0,0,0,0,0,0,0,0,0,0,0,0,0,0,0,0,0,0,0,0,0,0,0,0,0,0,0,0,0,0,0,0,0,0,0,0,0,0,0,0,0,0,0,0,0,0,0,0,0,0,0,0,0,0,0,0,0,0,0,0,0,0,0,0,0,0,0,0,0,0,0,0,0,0,0,0,0,0,0,0,0,0,0,0,0,0,0,0,0,0,0,0,0,0,0,0,0,0,0,0,0,0,0,0,0,0,0,0,0,0,0,0,0,0,0,0,0,0,0,0,0,0,0,0,0,0,0,0,76
183,,,,,,,,,,,,,,,,,,,,,,,,,,,,,,,,,,,,,,,,,,,,,,,,,,,,,,,,,,,,,,,,,,,,0,0,0,0,0,0,0,0,0,0,0,24,43,48,51,45,50,52,51,53,55,51,53,69,53,55,56,60,65,3,0,0,0,0,0,0,0,0,0,0,0,0,0,0,0,0,0,0,0,0,0,0,0,0,0,0,0,0,0,0,0,0,0,0,0,0,0,0,0,0,0,0,0,0,0,0,0,0,0,0,0,0,0,0,0,0,0,0,0,0,0,0,0,0,0,0,0,0,0,0,0,0,0,0,0,0,,,,,,,,,,,,,,,,,,,,,,,,,,,,,,,,,,,,,,,,,,,,,,,,,,,,,,,,,,,,,,,,,,,,,,,,,,,,,,,,,,,,,,,,,,,,,,,,,,,,,,,,,,,,,,,,,,,,,,,,,,,,,,,,,,,,,,,,,,,,,,,,,,,,,,,,,,,,,,,,,,,,,,,,,,,,,,,,,,,,,,,,,,,,,,,,,,,,,,,,,,,,,,,,,,,,,,,,,,,,,,,,,,,,,,,,,,,,,,,,,,,,,,,,,,,,,,,,,,,,,,,,,,,,,,,,,,,,,,,,,,,,,,,,,,,,,,,,,,,,,,,,,,,,,,,,,,,,,,,,,,,,,,,,,,,,,,,,,,,,,,,,,,,77
185,,,,,,,,,,,,,,,,,,,,,,,,,,,,,,,,,,,,,,,,,,,,,,,,,,,,,,,,,,,,,,,,,,,,,,,,,,,,,,,,,,,,,,,,,,,,,,,,,,,,,,,,,,,,,,,,,,,,,,,,,,,,,,,,,,,,,,,,,,,27,30,37,39,45,47,49,51,58,55,64,49,57,56,49,50,51,44,39.4117647058824,40,46,51,42,44,49,42,42.1904761904762,63,60,34,42,40,41,42,34,,,,,,,,,,,,,,,,,,,,,,,,,,,,,,,,,,,,,,,,,,,,,,,,,,,,,,,,,,,,,,,,,,,,,,,,,,,,,,,,,,,,,,,,,,,,,,,,,,,,,,,,,,,,,,,,,,,,,,,,,,,,,,,,,,,,,,,,,,,,,,,,,,,,,,,,,,,,,,,,,,,,,,,,,,,,,,,,,,,,,,,,,,,,,,,,,,,,,,,,,,,,,,,,,,,,,,,,,,,,,,,,,,,,,,,,,,,,,,,,,,,,,,,,,,,,,,,,,,,,,,,,,,,,,,,,,,,,,,,,,,,,,,,,,,,,,,,,,,,,,,,,,,,,,,,,,,,,,,,,,,,,,,,,,,,,,,,,,,,,,,,,,,,78
200,0,0,0,0,0,0,0,0,0,0,0,0,0,0,0,0,0,0,0,0,0,0,0,0,0,0,0,0,0,0,0,0,0,0,0,0,0,0,0,0,0,0,0,0,0,0,0,0,0,0,0,0,0,0,11,14,11,11,14,13,12,11,9,14,13,9,7,9,8,11,9,11,8,13,11,13,6,7,11,9,15,13,8,8,14,10,5,12,12,14,9,8,11,12,13,9,14,14,6,10,9,12,8,7,9,5,12,10,12,0,9,12,12,10,11,0,13,10,11,11,5,13,11,16,9,13,9,11,12,10,10,9,8,11,9,7,8,15,9,7,11,9,12,10,6,9,9,7,6,6,7,10,7,7,10,8,9.33333333333333,11,6,7,5,7,4,7,6.09523809523809,7,7,9,11,11,12,9,10,0,0,0,0,0,0,0,0,0,0,0,0,0,0,0,0,0,0,0,0,0,0,0,0,0,0,0,0,0,0,0,0,0,0,0,0,0,0,0,0,0,0,0,0,0,0,0,0,0,0,0,0,0,0,6,14,11,18,10,13,4,12,12,12,15,14,6,13,9,16,10,6,10,11,14,10,10,10,11,14,8,20,9,18,18,17,7,13,33,10,11,6,9,10,9,14,15,5,9,19,10,14,8,6,13,5,12,12,22,0,0,9,0,12,8,0,11,10,13,7,21,15,12,14,15,16,9,165,8,15,15,8,11,12,42,6,7,8,2,5,9,3,8,17,14,15,6,7,7,7,8,10,5,8,10,6,6,3,8,4,7,6,5,5,4.4,5,8,6,10,0,12,7,6,0,0,0,0,0,0,0,0,0,0,0,0,0,0,0,0,0,0,0,0,0,0,0,0,0,0,0,0,0,0,0,0,0,0,0,0,0,0,0,0,0,0,0,0,0,0,0,0,0,0,0,0,0,0,6,16,7,11,9,10,11,16,2,12,2,6,2,4,4,8,8,6,6,23,6,3,5,4,10,10,10,10,9,4,8,6,18,4,5,10,22,6,5,2,12,5,8,8,4,8,7,12,6,3,9,9,11,7,6,0,0,12,9,10,8,0,11,9,7,8,8,14,9,14,4,6,11,13,10,7,7,8,8,3,5,2,3,5,4,5,10,5,9,0,7,11,6,4,6,2,8,2,3.5,10,10,12,8,7,5,10,0,10,10,6,4,6,11,16,10,20.5,7,10.75,22,79
201,0,0,0,0,0,0,0,0,0,0,0,0,0,0,0,0,0,0,0,0,0,0,0,0,0,584.7206,895.300000000001,994.7,903,718,852,1025,945,1022,936,882,1011,967,1293,1180,1101,833,962,1065,932,1064,935,750,832,915,1125,1310,1020,698,811,1008,942,947,997,695,717,754,961,938,840,634,658,860,875,940,860,733,734,859,1072,1093,1009,780,749,970,914,986,930,770,734,869,1014,1070,1011,713,766,986,907,960,839,751,759,895,1202,1113,1014,740,785,1012,943,1033,888,815,788,866,1157,1036,1107,971,863,1153,1013,1110,968,881,846,1065,1251,1239,1212,924,821,1091,1042,1063,1018,859,866,983,1224,1171,1223,1023,879,1087,1030,1059,991,850,841,926,1159,1203,1188,878,867,1016,938,986,830,671,697.710601719198,891,1130,1059,840,752,682,912,887.333333333333,919,785,654,643,891,1061,1036,866,0,0,0,0,0,0,0,0,0,0,0,0,0,0,0,0,0,0,0,0,0,0,0,0,0,0,0,0,0,0,0,0,0,0,0,0,0,0,0,0,0,0,0,0,0,0,0,0,0,0,0,0,0,0,0,0,0,0,0,0,0,0,0,0,0,0,0,0,0,0,0,0,0,0,0,0,0,0,0,0,0,0,0,0,0,0,0,0,0,0,0,0,0,0,0,0,0,0,0,0,0,0,0,0,0,0,0,0,0,0,0,0,0,0,0,0,0,0,0,0,0,0,0,0,0,0,0,0,0,0,0,0,0,0,0,0,0,0,0,0,0,0,0,0,0,0,0,0,0,0,0,0,0,0,0,0,0,0,0,0,0,0,0,0,0,0,0,0,0,0,0,0,0,0,0,0,0,0,0,0,0,0,0,0,0,0,0,0,0,0,0,0,0,0,0,0,0,0,0,0,0,0,0,0,0,0,0,0,0,0,0,0,0,0,0,0,0,0,0,0,0,0,0,0,0,0,0,0,0,0,0,0,0,0,0,0,0,0,0,0,0,0,0,0,0,0,0,0,0,0,0,0,0,0,0,0,0,0,0,0,0,0,0,0,0,0,0,0,0,0,0,0,0,0,0,0,0,0,0,0,0,0,0,0,0,0,0,0,0,0,0,0,0,0,0,0,0,0,0,0,0,0,0,0,0,0,0,0,0,0,0,0,0,0,0,0,0,0,0,0,0,0,0,0,0,0,0,0,0,0,0,0,0,0,0,0,0,0,0,0,0,0,0,0,0,0,80
202,0,0,0,0,0,0,0,0,0,0,0,0,0,0,0,0,0,0,0,0,0,0,0,0,390,261.86956,0,0,0,0,0,0,63,60,70,327,451,409,0,21,0,0,0,0,0,0,0,0,0,0,0,0,0,0,0,0,0,0,0,0,0,0,0,0,0,0,0,0,0,0,0,0,0,0,0,0,0,0,0,0,0,0,0,0,0,0,0,0,0,0,0,0,0,0,0,0,0,0,0,0,0,0,0,0,0,0,0,0,0,0,0,0,0,0,0,0,0,0,0,0,0,0,0,0,0,0,0,0,0,12,0,0,0,0,0,0,0,0,0,0,0,0,0,0,0,0,0,0,0,0,0,0,0,0,0,0,0,0,0,0,0,0,0,0,0,0,0,0,0,0,0,0,0,0,0,0,0,0,0,0,0,0,0,0,0,0,0,0,0,0,0,0,0,0,0,0,0,367,349,206,194,14,0,0,0,105,244,227,472,421,404,277,316,0,0,0,0,0,0,0,0,0,0,0,0,0,0,0,0,0,0,0,0,0,0,0,0,0,0,0,0,0,0,0,0,0,0,0,0,0,0,0,0,0,0,0,0,0,0,0,0,0,0,0,0,0,0,0,0,0,0,0,0,0,0,0,0,0,0,0,0,0,0,0,0,0,0,0,0,0,0,0,0,0,0,0,0,0,0,0,0,0,0,0,0,0,0,0,0,0,0,0,0,0,0,0,0,0,0,0,0,0,0,0,0,0,0,0,0,0,0,0,0,0,0,0,0,0,0,0,0,0,0,0,0,0,0,0,0,0,0,0,0,0,0,0,0,0,0,0,0,0,0,0,0,0,0,0,0,0,391,290,171,147,0,0,0,0,121,227,202,341,305,152,124,278,0,0,0,0,0,0,0,0,0,0,0,0,0,0,0,0,0,0,0,0,0,0,0,0,0,0,0,0,0,0,0,0,0,0,0,0,0,0,0,0,0,0,0,0,0,0,0,0,0,0,0,0,0,0,0,0,0,0,0,0,0,0,0,0,0,0,0,0,0,0,0,0,0,0,0,0,0,0,0,0,0,0,0,0,0,0,0,0,0,0,0,0,0,0,0,0,0,0,0,0,0,0,0,0,0,0,0,0,0,0,0,0,0,0,0,0,0,0,0,0,0,0,0,0,0,0,0,0,0,0,0,0,0,81
203,0,0,0,0,0,0,0,0,0,0,0,0,0,0,0,0,0,0,0,0,0,0,0,0,78,75,61.3,76.9,71,65,83,78,90,97,110,88,110,110,112,105,86,75,75,83,101,95,91,82,81,87,79,89,82,65,76,84,69,61,76,79,22,0,0,0,0,0,0,0,0,0,0,0,0,0,0,0,0,0,0,0,0,0,0,0,0,0,0,0,0,0,0,0,0,0,0,0,0,0,0,0,0,0,0,0,0,0,0,0,0,0,0,0,0,0,0,0,0,0,0,0,0,0,0,0,0,0,0,0,0,0,0,0,0,0,0,0,0,0,0,0,0,0,0,0,0,0,0,0,0,0,0,0,0,0,0,0,0,0,0,0,0,0,0,0,0,0,0,0,0,0,0,0,0,0,0,0,0,0,0,0,0,0,0,0,0,0,0,0,0,0,0,0,0,0,0,0,0,0,0,0,0,0,0,0,0,0,0,0,0,0,0,0,0,0,0,0,0,0,0,0,0,0,0,0,0,0,0,0,0,0,0,0,0,0,0,0,0,0,0,0,0,0,0,0,0,0,0,0,0,0,0,0,0,0,0,0,0,0,0,0,0,0,0,0,0,0,0,0,0,0,0,0,0,0,0,0,0,0,0,0,0,0,0,0,0,0,0,0,0,0,0,0,0,0,0,0,0,0,0,0,0,0,0,0,0,0,0,0,0,0,0,0,0,0,0,0,0,0,0,0,0,0,0,0,0,0,0,0,0,0,0,0,0,0,0,0,0,0,0,0,0,0,52,0,0,0,0,0,0,0,0,0,0,0,0,0,0,0,0,0,0,0,0,0,0,0,0,0,0,0,0,0,0,0,0,0,0,0,0,0,0,0,0,0,0,0,0,0,0,0,0,0,0,0,0,0,0,0,0,0,0,0,0,0,0,0,0,0,0,0,0,0,0,0,0,0,0,0,0,0,0,0,0,0,0,0,0,0,0,0,0,0,0,0,0,0,0,0,0,0,0,0,0,0,0,0,0,0,0,0,0,0,0,0,0,0,0,0,0,0,0,0,0,0,0,0,0,0,0,0,0,0,0,0,0,0,0,0,0,0,0,0,0,0,0,0,0,0,0,0,0,0,0,0,0,0,0,0,0,0,0,0,0,0,0,0,0,0,0,0,0,0,0,0,0,0,0,0,0,82
231,0,0,0,0,0,0,0,0,0,0,0,0,0,0,0,0,0,0,0,0,0,0,0,0,0,0,0,0,0,0,0,0,0,0,0,0,0,0,0,0,0,0,0,0,0,0,0,0,0,0,0,0,0,0,0,0,0,0,0,0,0,0,0,0,0,0,0,0,0,0,0,0,0,0,0,0,0,0,0,0,0,0,0,0,0,0,0,0,0,0,0,0,0,0,0,0,0,0,0,0,0,0,0,0,0,0,0,0,0,0,0,0,0,0,0,0,0,0,0,11,92,28,23,43,0,0,0,0,0,0,51,0,34,35,0,0,0,0,0,0,10,0,0,12,14,0,0,0,0,0,0,0,0,0,0,0,0,0,0,0,0,0,0,0,0,0,0,0,0,0,0,0,0,0,0,0,0,0,0,0,0,0,0,0,0,0,0,0,0,0,0,0,0,0,0,0,0,0,0,0,0,0,0,0,0,0,0,0,0,0,0,0,0,0,0,0,0,0,0,0,0,0,0,0,0,0,0,0,0,0,0,0,0,0,0,0,0,0,0,0,0,0,0,0,0,0,0,0,0,0,0,0,0,0,0,0,0,0,0,0,0,0,0,0,0,0,0,0,0,0,0,0,0,0,0,0,0,0,0,0,0,0,0,0,0,0,0,0,84,0,484,191,0,39,0,323,120,0,0,0,0,0,187,75,0,0,0,207,0,0,0,0,29,185,0,152,79,20,120,92,0,0,0,0,0,0,0,0,0,0,0,0,0,0,0,0,0,0,0,0,0,0,0,0,0,0,0,0,0,0,0,0,0,0,0,0,0,0,0,0,0,0,0,0,0,0,0,0,0,0,0,0,0,0,0,0,0,0,0,0,0,0,0,0,0,0,0,0,0,0,0,0,0,0,0,0,0,0,0,0,0,0,0,0,0,0,0,0,0,0,0,0,0,0,0,0,0,0,0,0,0,0,0,0,0,0,0,0,0,0,0,0,0,0,0,0,0,0,0,0,0,0,0,0,0,0,0,0,0,0,0,0,0,0,0,0,0,0,0,0,0,0,183,0,56,170,7,0,118,147,0,0,0,0,395,240,0,0,7,0,0,37,0,0,0,0,395,0,0,0,0,0,0,67,0,0,0,0,0,0,0,0,0,0,0,0,0,0,0,0,0,0,0,0,0,0,0,0,0,83
251,0,0,0,0,0,0,0,0,0,0,0,0,0,0,0,0,0,0,0,0,0,0,0,0,78,75,61.3,76.9,71,65,83,78,90,97,110,88,110,110,112,105,86,75,75,83,101,95,91,82,81,87,79,89,82,65,76,84,69,61,76,79,22,0,0,0,0,0,0,0,0,0,0,0,0,0,0,0,0,0,0,0,0,0,0,0,0,0,0,0,0,0,0,0,0,0,0,0,0,0,0,0,0,0,0,0,0,0,0,0,0,0,0,0,0,123,0,0,0,0,0,0,0,32,0,56,0,0,0,0,0,0,61,86,0,94,79,44,0,55,0,0,0,0,25,0,0,0,23,0,0,6,0,0,7,0,0,0,0,29,0,0,0,0,0,0,0,0,0,0,0,29,0,27,0,0,0,0,0,0,0,0,0,0,0,0,0,0,0,0,0,0,0,0,0,0,0,0,0,0,0,0,0,0,0,0,0,0,0,0,0,0,0,0,0,0,0,0,0,0,0,0,0,0,0,0,0,0,0,0,0,0,0,0,0,0,0,0,0,0,0,0,0,0,0,0,0,0,0,0,0,0,0,0,0,0,0,0,0,0,0,0,0,0,0,0,0,0,0,0,0,0,0,0,0,0,0,0,0,0,0,0,0,0,0,0,0,0,236,0,225,0,61,72,262,405,186,0,0,0,129,0,0,0,46,0,0,0,36,0,0,0,0,0,0,0,22,0,0,0,87,0,0,0,0,0,0,0,149,0,0,0,78,63,0,0,0,0,0,0,36,0,0,0,0,0,0,0,0,0,0,0,0,0,0,0,0,0,0,0,0,0,0,0,0,0,0,0,0,0,0,0,0,0,0,0,0,0,0,0,0,0,0,0,0,0,0,0,0,0,0,0,0,0,0,0,0,0,0,0,0,0,0,0,0,0,0,0,0,0,0,0,0,0,0,0,0,0,0,0,0,0,0,0,0,0,0,0,0,0,0,0,0,0,0,0,0,0,0,0,0,0,0,0,0,0,0,0,0,0,0,0,0,0,0,0,0,2628,614,290,3200,226,0,0,276,0,0,367,235,184,0,731,136,0,150,175,0,0,0,0,235,105,0,526,429,81,0,0,0,21,0,0,0,0,93,109,261,157,0,0,0,0,0,0,0,0,61,0,0,0,0,0,0,0,0,0,0,0,0,0,236,84
252,0,0,0,0,0,0,0,0,0,0,0,0,0,0,0,0,0,0,0,0,0,0,0,0,0,0,0,0,0,0,0,0,0,0,0,0,0,0,0,0,0,0,0,0,0,0,0,0,0,0,0,0,0,0,0,0,0,0,0,0,0,0,0,0,0,0,0,0,0,0,0,0,0,0,0,0,0,0,0,0,0,0,0,0,0,0,0,0,0,0,0,0,0,0,0,0,0,0,0,0,0,0,0,0,0,0,0,0,0,0,0,0,0,0,0,0,0,0,0,0,0,0,0,0,0,0,0,0,0,0,0,0,0,3,0,0,0,0,0,0,0,0,0,0,0,0,0,0,0,0,0,0,0,0,0,0,0,0,0,0,0,0,0,0,0,0,0,0,0,0,0,0,0,0,0,0,0,0,0,0,0,0,0,0,0,0,0,0,0,0,0,0,0,0,0,0,0,0,0,0,0,0,0,0,0,0,0,0,0,0,0,0,0,0,0,0,0,0,0,0,0,0,0,0,0,0,0,0,0,0,0,0,0,0,0,0,0,0,0,0,0,0,0,0,0,0,0,0,0,0,0,0,0,0,0,0,0,0,0,0,0,0,0,0,0,0,0,0,0,0,0,0,0,0,0,0,0,0,0,0,0,0,0,0,0,0,28,0,54,0,0,0,0,0,0,0,0,0,0,0,0,0,0,0,0,0,0,0,0,0,0,0,0,0,0,0,0,0,0,0,0,0,0,0,0,0,0,0,0,0,0,0,0,0,0,0,0,0,0,0,0,0,0,0,0,0,0,0,0,0,0,0,0,0,0,0,0,0,0,0,0,0,0,0,0,0,0,0,0,0,0,0,0,0,0,0,0,0,0,0,0,0,0,0,0,0,0,0,0,0,0,0,0,0,0,0,0,0,0,0,0,0,0,0,0,0,0,0,0,0,0,0,0,0,0,0,0,0,0,0,0,0,0,0,0,0,0,0,0,0,0,0,0,0,0,0,0,0,0,0,0,0,0,0,0,0,0,0,0,0,0,0,0,0,0,946,221,64,0,45,0,0,30,0,0,0,0,37,0,169,35,0,46,0,0,0,0,0,0,12,0,116,65,10,0,0,0,0,0,0,0,0,0,0,0,0,0,0,0,0,0,0,0,0,0,0,0,0,0,0,0,0,0,0,0,0,0,0,0,85
253,0,0,0,0,0,0,0,0,0,0,0,0,0,0,0,0,0,0,0,0,0,0,0,0,0,0,0,0,0,0,0,0,0,0,0,0,0,0,0,0,0,0,0,0,0,0,0,0,0,0,0,0,0,0,0,0,0,0,0,0,0,0,0,0,0,0,0,0,0,0,0,0,0,0,0,0,0,0,0,0,0,0,0,0,0,0,0,0,0,0,0,0,0,0,0,0,0,0,0,0,0,0,0,0,0,0,0,0,0,0,0,0,0,0,0,0,0,0,0,0,0,0,0,0,0,0,0,0,0,0,0,0,0,4,0,0,0,0,0,0,0,0,0,0,0,0,0,0,0,0,0,0,0,0,0,0,0,0,0,0,0,0,0,0,0,0,0,0,0,0,0,0,0,0,0,0,0,0,0,0,0,0,0,0,0,0,0,0,0,0,0,0,0,0,0,0,0,0,0,0,0,0,0,0,0,0,0,0,0,0,0,0,0,0,0,0,0,0,0,0,0,0,0,0,0,0,0,0,0,0,0,0,0,0,0,0,0,0,0,0,0,0,0,0,0,0,0,0,0,0,0,0,0,0,0,0,0,0,0,0,0,0,0,0,0,0,0,0,0,0,0,0,0,0,0,0,0,0,0,0,0,0,0,0,0,0,33,0,36,0,0,0,0,0,0,0,0,0,0,0,0,0,0,0,0,0,0,0,0,0,0,0,0,0,0,0,0,0,0,0,0,0,0,0,0,0,0,0,0,0,0,0,0,0,0,0,0,0,0,0,0,0,0,0,0,0,0,0,0,0,0,0,0,0,0,0,0,0,0,0,0,0,0,0,0,0,0,0,0,0,0,0,0,0,0,0,0,0,0,0,0,0,0,0,0,0,0,0,0,0,0,0,0,0,0,0,0,0,0,0,0,0,0,0,0,0,0,0,0,0,0,0,0,0,0,0,0,0,0,0,0,0,0,0,0,0,0,0,0,0,0,0,0,0,0,0,0,0,0,0,0,0,0,0,0,0,0,0,0,0,0,0,0,0,0,946,221,81,0,53,0,0,32,0,0,18,14,32,0,131,35,0,27,0,0,0,0,0,14,20,0,108,61,20,0,0,0,0,0,0,0,0,0,0,0,0,0,0,0,0,0,0,0,0,0,0,0,0,0,0,0,0,0,0,0,0,0,0,0,86
254,0,0,0,0,0,0,0,0,0,0,0,0,0,0,0,0,0,0,0,0,0,0,0,0,0,0,0,0,0,0,0,0,0,0,0,0,0,0,0,0,0,0,0,0,0,0,0,0,0,0,0,0,0,0,0,0,0,0,0,0,0,0,0,0,0,0,0,0,0,0,0,0,0,0,0,0,0,0,0,0,0,0,0,0,0,0,0,0,0,0,0,0,0,0,0,0,0,0,0,0,0,0,0,0,0,0,0,0,0,0,0,0,0,0,0,0,0,0,0,0,0,0,0,0,0,0,0,0,0,0,0,0,0,0,0,0,0,0,0,0,0,0,0,0,0,0,0,0,0,0,0,0,0,0,0,0,0,0,0,0,0,0,0,0,0,0,0,0,0,0,0,0,0,0,0,0,0,0,0,0,0,0,0,0,0,0,0,0,0,0,0,0,0,0,0,0,0,0,0,0,0,0,0,0,0,0,0,0,0,0,0,0,0,0,0,0,0,0,0,0,0,0,0,0,0,0,0,0,0,0,0,0,0,0,0,0,0,0,0,0,0,0,0,0,0,0,0,0,0,0,0,0,0,0,0,0,0,0,0,0,0,0,0,0,0,0,0,0,0,0,0,0,0,0,0,0,0,0,0,0,0,0,0,0,0,0,15,0,11,0,0,0,0,0,0,0,0,0,0,0,0,0,0,0,0,0,0,0,0,0,0,0,0,0,0,0,0,0,0,0,0,0,0,0,0,0,0,0,0,0,0,0,0,0,0,0,0,0,0,0,0,0,0,0,0,0,0,0,0,0,0,0,0,0,0,0,0,0,0,0,0,0,0,0,0,0,0,0,0,0,0,0,0,0,0,0,0,0,0,0,0,0,0,0,0,0,0,0,0,0,0,0,0,0,0,0,0,0,0,0,0,0,0,0,0,0,0,0,0,0,0,0,0,0,0,0,0,0,0,0,0,0,0,0,0,0,0,0,0,0,0,0,0,0,0,0,0,0,0,0,0,0,0,0,0,0,0,0,0,0,0,0,0,0,0,946,221,21,0,13,0,0,17,0,0,9,3,0,0,0,0,0,0,0,0,0,0,0,3,0,0,0,0,0,0,0,0,0,0,0,0,0,0,0,0,0,0,0,0,0,0,0,0,0,0,0,0,0,0,0,0,0,0,0,0,0,0,0,0,87
255,0,0,0,0,0,0,0,0,0,0,0,0,0,0,0,0,0,0,0,0,0,0,0,0,0,0,0,0,0,0,0,0,0,0,0,0,0,0,0,0,0,0,0,0,0,0,0,0,0,0,0,0,0,0,0,0,0,0,0,0,0,0,0,0,0,0,0,0,0,0,0,0,0,0,0,0,0,0,0,0,0,0,0,0,0,0,0,0,0,0,0,0,0,0,0,0,0,0,0,0,0,0,0,0,0,0,0,0,0,0,0,0,0,0,0,0,0,0,0,0,0,0,0,0,0,0,0,0,0,0,0,0,0,0,0,0,0,0,0,0,0,0,0,0,0,0,0,0,0,0,0,0,0,0,0,0,0,0,0,0,0,0,0,0,0,0,0,0,0,0,0,0,0,0,0,0,0,0,0,0,0,0,0,0,0,0,0,0,0,0,0,0,0,0,0,0,0,0,0,0,0,0,0,0,0,0,0,0,0,0,0,0,0,0,0,0,0,0,0,0,0,0,0,0,0,0,0,0,0,0,0,0,0,0,0,0,0,0,0,0,0,0,0,0,0,0,0,0,0,0,0,0,0,0,0,0,0,0,0,0,0,0,0,0,0,0,0,0,0,0,0,0,0,0,0,0,0,0,0,0,0,0,0,0,0,0,35,0,35,0,0,0,0,0,0,0,0,0,0,0,0,0,0,0,0,0,0,0,0,0,0,0,0,0,0,0,0,0,0,0,0,0,0,0,0,0,0,0,0,0,0,0,0,0,0,0,0,0,0,0,0,0,0,0,0,0,0,0,0,0,0,0,0,0,0,0,0,0,0,0,0,0,0,0,0,0,0,0,0,0,0,0,0,0,0,0,0,0,0,0,0,0,0,0,0,0,0,0,0,0,0,0,0,0,0,0,0,0,0,0,0,0,0,0,0,0,0,0,0,0,0,0,0,0,0,0,0,0,0,0,0,0,0,0,0,0,0,0,0,0,0,0,0,0,0,0,0,0,0,0,0,0,0,0,0,0,0,0,0,0,0,0,0,0,0,1577,368,42,0,32,0,0,28,0,37,17,6,18,0,49,8,0,16,0,0,0,0,0,6,0,0,0,0,0,0,0,0,0,0,0,0,0,0,0,0,0,0,0,0,0,0,0,0,0,0,0,0,0,0,0,0,0,0,0,0,0,0,0,0,88
256,0,0,0,0,0,0,0,0,0,0,0,0,0,0,0,0,0,0,0,0,0,0,0,0,0,0,0,0,0,0,0,0,0,0,0,0,0,0,0,0,0,0,0,0,0,0,0,0,0,0,0,0,0,0,0,0,0,0,0,0,0,0,0,0,0,0,0,0,0,0,0,0,0,0,0,0,0,0,0,0,0,0,0,0,0,0,0,0,0,0,0,0,0,0,0,0,0,0,0,0,0,0,0,0,0,0,0,0,0,0,0,0,0,0,0,0,0,0,0,0,0,0,0,0,0,0,0,0,0,0,0,0,0,0,0,0,0,0,0,0,0,0,0,0,0,0,0,0,0,0,0,0,0,0,0,0,0,0,0,0,0,0,0,0,0,0,0,0,0,0,0,0,0,0,0,0,0,0,0,0,0,0,0,0,0,0,0,0,0,0,0,0,0,0,0,0,0,0,0,0,0,0,0,0,0,0,0,0,0,0,0,0,0,0,0,0,0,0,0,0,0,0,0,0,0,0,0,0,0,0,0,0,0,0,0,0,0,0,0,0,0,0,0,0,0,0,0,0,0,0,0,0,0,0,0,0,0,0,0,0,0,0,0,0,0,0,0,0,0,0,0,0,0,0,0,0,0,0,0,0,0,0,0,0,0,0,246,0,146,0,0,0,45,0,0,0,0,0,0,0,0,0,0,0,0,0,0,0,0,0,0,0,0,0,0,0,0,0,0,0,0,0,0,0,0,0,0,0,0,0,0,0,0,0,0,0,0,0,0,0,0,0,0,0,0,0,0,0,0,0,0,0,0,0,0,0,0,0,0,0,0,0,0,0,0,0,0,0,0,0,0,0,0,0,0,0,0,0,0,0,0,0,0,0,0,0,0,0,0,0,0,0,0,0,0,0,0,0,0,0,0,0,0,0,0,0,0,0,0,0,0,0,0,0,0,0,0,0,0,0,0,0,0,0,0,0,0,0,0,0,0,0,0,0,0,0,0,0,0,0,0,0,0,0,0,0,0,0,0,0,0,0,0,0,0,1261,295,125,0,90,0,0,40,0,0,0,0,81,0,300,132,0,89,0,0,0,0,0,0,46,0,0,0,0,0,0,0,0,0,0,0,0,0,0,0,0,0,0,0,0,0,0,0,0,0,0,0,0,0,0,0,0,0,0,0,0,0,0,0,89
261,0,0,0,0,0,0,0,0,0,0,0,0,0,0,0,0,0,0,0,0,0,0,0,0,0,0,0,0,0,0,0,0,0,0,0,0,0,0,0,0,0,0,0,0,0,0,0,0,0,0,0,0,0,0,0,0,0,0,0,0,0,0,0,0,0,0,0,0,0,0,0,0,0,0,0,0,0,0,0,0,0,0,0,0,0,0,0,0,0,0,0,0,0,0,0,0,0,0,0,0,0,0,0,0,0,0,0,0,0,0,0,0,0,0,0,0,0,0,0,0,0,0,0,0,0,0,0,0,0,0,0,0,0,0,0,0,0,0,0,0,0,0,0,0,0,0,0,0,0,0,0,0,0,0,0,0,0,0,0,0,0,0,0,0,0,0,0,0,0,0,0,0,0,,,,,,,,,,,,,,,,,,,,,,,,,,,,,,,,,,,,,,,,,,,,,,,,,,,,,,,,,,,,,,,,,,,,,,,,,,,,,,,,,,,,,,,,,,,,,,,,,,,,,,,,,,,,,,,,,,,,,,,,,,,,,,,,,,,,,,,,,,,,,,,,,,,,,,,,,,,,,,,,,,,,,,,,,,,,,,0,0,0,0,0,0,0,0,0,0,0,0,0,0,0,0,0,0,0,0,0,0,0,0,0,0,0,0,0,0,0,0,0,0,0,0,0,0,0,0,0,0,0,0,0,0,0,0,0,0,0,0,0,0,0,0,0,0,0,0,0,0,0,0,0,0,0,0,0,0,0,0,0,0,0,0,0,0,0,0,0,0,0,0,0,0,0,0,0,0,0,0,0,0,0,0,0,0,0,0,0,0,0,0,0,0,0,0,0,1682,0,0,0,0,0,0,0,0,0,0,0,0,0,0,0,0,0,0,0,0,0,0,0,0,0,0,0,0,0,0,0,0,0,0,0,0,0,0,0,0,0,0,0,0,0,0,0,0,0,0,0,0,0,0,0,0,0,0,0,0,0,0,0,90
304,158,236,209,205,225,188,160,227,219,191,245,215,240,256,213,239,241,173,193,189,207,146,203,183,228,192,215,193,231,146,201,234,237,219,242,276,278,250,257,241,245,172,225,209,191,182,182,180,194,215,198,185,213,192,152,155,194,193,190,169,185,192,171,174,165,112,148,156,158,165,177,189,189,206,200,205,169,143,171,174,188,198,184,191,201,205,195,190,172,157,169,195,204,204,201,226,218,219,208,206,202,168,178,192,192,196,187,171,294,303,325,328,319,254,145,165,206,144,169,195,191,208,220,227,217,168,194,196,220,213,205,224,218,215,217,194,194,151,144,156,180,180,163,169,182,189,162,161,176,121,131,150,144,137,138,143,163.388235294118,166,161,164,173,146,145,149,167.857142857143,160,157,187,204,166,192,185,176,0,0,0,0,0,0,0,0,0,0,0,0,0,0,0,0,0,0,0,0,0,0,0,0,0,0,0,0,0,0,0,0,0,0,0,0,0,0,0,0,0,0,0,0,0,0,0,0,0,0,0,0,0,0,0,0,0,0,0,0,0,0,0,0,0,0,0,0,0,0,0,0,0,0,0,0,0,0,0,0,0,0,0,0,0,0,0,0,0,0,0,0,0,0,0,0,0,0,0,0,0,0,0,0,0,0,0,0,0,0,0,0,0,0,0,0,0,0,0,0,0,0,0,0,0,0,0,0,0,0,0,0,0,0,0,0,0,0,0,0,0,0,0,0,0,0,0,0,0,0,0,0,0,0,0,0,0,0,0,0,0,0,0,0,0,0,0,0,0,0,0,0,0,0,0,0,0,0,0,0,0,0,0,0,0,0,0,0,0,0,0,0,0,0,0,0,0,0,0,0,0,0,0,0,0,0,0,0,0,0,0,0,0,0,0,0,0,0,0,0,0,0,0,0,0,0,0,0,0,0,0,0,0,0,0,0,0,0,0,0,0,0,0,0,0,0,0,0,0,0,0,0,0,0,0,0,0,0,0,0,0,0,0,0,0,0,0,0,0,0,0,0,0,0,0,0,0,0,0,0,0,0,0,0,0,0,0,0,0,0,0,0,0,0,0,0,0,0,0,0,0,0,0,0,0,0,0,0,0,0,0,0,0,0,0,0,0,0,0,0,0,0,0,0,0,0,0,0,0,0,0,0,0,0,0,0,0,0,0,0,0,0,0,0,0,0,91
305,108,109,100,127,126,107,118,119,104,84,131,133,146,133,153,154,148,97,120,129,116,133,124,110,110,133,152,118,115,95,78,0,0,0,0,0,0,0,0,0,0,0,0,0,0,0,0,0,0,0,0,0,0,0,0,0,0,0,0,0,0,0,0,0,0,0,0,0,0,0,0,0,0,0,0,0,0,0,0,0,0,0,0,0,0,0,0,0,0,0,0,0,0,0,0,0,0,0,0,0,0,0,0,0,0,0,0,0,0,0,0,0,0,0,0,0,0,0,0,0,0,0,0,0,0,0,0,0,0,0,0,0,0,0,0,0,0,0,0,0,0,0,0,0,0,0,0,0,0,0,0,0,0,0,0,0,0,0,0,0,0,0,0,0,0,0,0,0,0,0,0,0,0,0,0,0,0,0,0,0,0,0,0,0,0,0,0,0,0,0,0,0,0,0,0,0,0,0,0,0,0,0,0,0,0,0,0,0,0,0,0,0,0,0,0,0,0,0,0,0,0,0,0,0,0,0,0,0,0,0,0,0,0,0,0,0,0,0,0,0,0,0,0,0,0,0,0,0,0,0,0,0,0,0,0,0,0,0,0,0,0,0,0,0,0,0,0,0,0,0,0,0,0,0,0,0,0,0,0,0,0,0,0,0,0,0,0,0,0,0,0,0,0,0,0,0,0,0,0,0,0,0,0,0,0,0,0,0,0,0,0,0,0,0,0,0,0,0,0,0,0,0,0,0,0,0,0,0,0,0,0,0,0,0,0,0,0,0,0,0,0,0,0,0,0,0,0,0,0,0,0,0,0,0,0,0,0,0,0,0,0,0,0,0,0,0,0,0,0,0,0,0,0,0,0,0,0,0,0,0,0,0,0,0,0,0,0,0,0,0,0,0,0,0,0,0,0,0,0,0,0,0,0,0,0,0,0,0,0,0,0,0,0,0,0,0,0,0,0,0,0,0,0,0,0,0,0,0,0,0,0,0,0,0,0,0,0,0,0,0,0,0,0,0,0,0,0,0,0,0,0,0,0,0,0,0,0,0,0,0,0,0,0,0,0,0,0,0,0,0,0,0,0,0,0,0,0,0,0,0,0,0,0,0,0,0,0,0,0,0,0,0,0,0,0,0,0,0,0,0,0,0,0,0,0,0,0,0,0,0,0,0,0,0,0,0,0,0,0,92
321,41,34,39,41,29,32,32,31,29,29,34,36,26,34,35,42,27,15,20,32,31,33,35,42,31,32,40,30,31,27,13,11,15,11,8,18,23,11,12,9,16,10,14,14,14,15,17,19,19,14,17,16,19,12,11,19,15,17,17,15,15,16,21,21,18,10,13,11,15,15,14,17,18,17,16,18,17,13,15,10,13,13,14,15,17,17,17,19,16,11,12,11,10,12,11,23,28,24,23,26,21,16,15,21,18,20,27,25,25,19,18,16,16,8,16,27,24,20,21,20,22,21,24,25,25,19,19,28,23,24,26,27,27,22,22,22,19,12,10,13,14,14,11,18,23,16,17,15,21,15,13,12,14,13,16,21,22.3571428571429,20,14,15,12,16,13,11,12,13,15,20,21,20,19,20,15,0,0,0,0,0,0,0,0,0,0,0,0,0,0,0,0,0,0,0,0,0,0,0,0,0,0,0,0,0,0,0,0,0,0,0,0,0,0,0,0,0,0,0,0,0,0,0,0,0,0,0,0,0,0,0,0,0,0,0,0,0,0,0,0,0,0,0,0,0,0,0,0,0,0,0,0,0,0,0,0,0,0,0,0,0,0,0,0,0,0,0,0,0,0,0,0,0,0,0,0,0,0,0,0,0,0,0,0,0,0,0,0,0,0,0,0,0,0,0,0,0,0,0,0,0,0,0,0,0,0,0,0,0,0,0,0,0,0,0,0,0,0,0,0,0,0,0,0,0,0,0,0,0,0,0,0,0,0,0,0,0,0,0,0,0,0,0,0,0,0,0,0,0,0,0,0,0,0,0,0,0,0,0,0,0,0,0,0,0,0,0,0,0,0,0,0,0,0,0,0,0,0,0,0,0,0,0,0,0,0,0,0,0,0,0,0,0,0,0,0,0,0,0,0,0,0,0,0,0,0,0,0,0,0,0,0,0,0,0,0,0,0,0,0,0,0,0,0,0,0,0,0,0,0,0,0,0,0,0,0,0,0,0,0,0,0,0,0,0,0,0,0,0,0,0,0,0,0,0,0,0,0,0,0,0,0,0,0,0,0,0,0,0,0,0,0,0,0,0,0,0,0,0,0,0,0,0,0,0,0,0,0,0,0,0,0,0,0,0,0,0,0,0,0,0,0,0,0,0,0,0,0,0,0,0,0,0,0,0,0,0,0,0,0,0,0,93
323,,,,,,,,,,,,,,,,,,,,,,,,,,,,,,,,,,,,,,,,,,,,,,,,,,,,,,,,,,,,,,,,,,0,0,0,0,0,0,0,0,0,0,0,0,0,0,0,0,0,0,0,0,0,0,1880,1939,1486,1841,2028,2007,1981,2058,1930,1672,1536,1825,2368,2218,1716,2064,2098,2100,2114,2146,2003,1743,1484,1836,2436,2280,1623,2333,2452,2431,2439,2471,2289,1923,1868,2261,2662,2468,1872,2173,2363,2186,2341,2208,1996,1759,1635,1902,2293,2269,1725,1730,1974,1909,1955,2060,1847,1655,1490,1703,2069,1870,1544,1583,1739,1642,1764,1798,1602,1364.61492537313,1308,1532,2029,1669,1669,1650,1670,1653.38095238095,1606,1659,1617,1416,1308,1653,1984,1820,0,0,0,0,0,0,0,0,0,0,0,0,0,0,0,0,0,0,0,0,0,0,0,0,0,0,0,0,0,0,0,0,0,0,0,0,0,0,0,0,0,0,0,0,0,0,0,0,0,0,0,0,0,0,0,0,0,0,0,0,0,0,0,0,0,0,0,0,0,0,0,0,0,0,0,0,0,0,0,0,0,0,0,0,0,0,0,0,0,0,0,0,0,0,0,0,0,0,0,0,0,0,0,0,0,0,0,0,714,841,883,866,875,813,1095,1230,1282,1260,1258,1225,1095,1190,1297,1248,1290,1173,1091,1021,1139,1204,1089,617,1089,1190,1149,1111,996,960,853,907,956,1001,1052,1066,889,902,969,965,897,917,833,940,832,859,898,857,662,765,824,979,834,895,813,835,823.4,851,899,947,857,901,1017,983,906,0,0,0,0,0,0,0,0,0,0,0,0,0,0,0,0,0,0,0,0,0,0,0,0,0,0,0,0,0,0,0,0,0,0,0,0,0,0,0,0,0,0,0,0,0,0,0,0,0,0,0,0,0,0,0,0,0,0,0,0,0,0,0,0,0,0,0,0,0,0,0,0,0,0,0,0,0,0,0,0,0,0,0,0,0,0,0,0,0,0,0,0,0,0,0,0,0,0,0,0,0,0,0,0,0,0,0,0,0,0,0,0,0,0,560,505,574,618,640,655,671,683,713,756,678,575,565,645,639,623,639,617,671,628,588,535,579,557,432,494,639,516,565,513,504,526,535,517,495,495,497,535,556.25,522,526,513,496.502732240437,497,436,521,551,559.166666666667,483,494,508.2,536,490,564,541,574.75,531,563,571,94
328,14,16,26,17,25,20,26,24,23,26,28,25,32,31,27,23,29,24,26,16,24,27,28,23,25,24,32,31,16,12,29,26,26,27,27,47,47,39,40,43,46,26,34,32,27,27,35,29,29,40,22,19,26,22,25,25,23,22,30,30,27,28,28,26,25,26,26.5,26,27,29,32,30,29,35,32,30,32,16,39,42,48,47,54,60,54,63,62,75,59,41,59,63,66,70,88,85,78,85,93,85,77,59,76,82,78,69,70,54,105,87,87,94,101,81,69,55,66,72,143,93,60,65,79,83,86,55,70,58,72,76,89,82,86,73,72,76,67,53,45,56,50,64,61,62,59,58,54,50,61,45,49,47,48,50,47,40,44.8979591836735,46,51,49,40,39,41,41,38.9523809523809,35,48,55,54,46,47,52,45,0,0,0,0,0,0,0,0,0,0,0,0,0,0,0,0,0,0,0,0,0,0,0,0,0,0,0,0,0,0,0,0,0,0,0,0,0,0,0,0,0,0,0,0,0,0,0,0,0,0,0,0,0,0,0,0,0,0,0,0,0,0,0,0,0,0,0,0,0,0,0,0,0,0,0,0,0,0,0,0,0,0,0,0,0,0,0,0,0,0,0,0,0,0,0,0,0,0,0,0,0,0,0,0,0,0,0,0,0,0,0,0,0,0,0,0,0,0,0,0,0,0,0,0,0,0,0,0,0,0,0,0,0,0,0,0,0,0,0,0,0,0,0,0,0,0,0,0,0,0,0,0,0,0,0,0,0,0,0,0,0,0,0,0,0,0,0,0,0,0,0,0,0,0,0,0,0,0,0,0,0,0,0,0,0,0,0,0,0,0,0,0,0,0,0,0,0,0,0,0,0,0,0,0,0,0,0,0,0,0,0,0,0,0,0,0,0,0,0,0,0,0,0,0,0,0,0,0,0,0,0,0,0,0,0,0,0,0,0,0,0,0,0,0,0,0,0,0,0,0,0,0,0,0,0,0,0,0,0,0,0,0,0,0,0,0,0,0,0,0,0,0,0,0,0,0,0,0,0,0,0,0,0,0,0,0,0,0,0,0,0,0,0,0,0,0,0,0,0,0,0,0,0,0,0,0,0,0,0,0,0,0,0,0,0,0,0,0,0,0,0,0,0,0,0,0,0,0,0,0,0,0,0,0,0,0,0,0,0,0,0,0,0,0,0,0,95
330,93,73,98,110,115,76,97,83,80,97,121,108,123,113,127,151,124,99,149,131,136,149,145,140,117,139,122,133,139,78,106,113,118,130,159,206,236,199,206,209,261,179,191,171,170,193,153,171,174,177,149,143,156,108,133,152,171,145,154,159,159,159,159,179,166,98,150.5,145,165,162,161,179,182,162,160,155,160,127,157,164,176,179,176,194,178,193,190,189,163,136,159,165,190,186,195,221,219,235,216,206,186,124,165,151,160,155,157,186,284,271,252,263,228,196,141,139,176,157,169,188,198,216,198,187,158,113,156,153,156,146,157,173,175,168,158,148,137,109,133,122,128,120,137,136,135,122,117,139,123,92,90,100,99,105,114,131,135.2,124,121,114,95,91,84,95,109,118,109,114,117,124,112,131,122,0,0,0,0,0,0,0,0,0,0,0,0,0,0,0,0,0,0,0,0,0,0,0,0,0,0,0,0,0,0,0,0,0,0,0,0,0,0,0,0,0,0,0,0,0,0,0,0,0,0,0,0,0,0,0,0,0,0,0,0,0,0,0,0,0,0,0,0,0,0,0,0,0,0,0,0,0,0,0,0,0,0,0,0,0,0,0,0,0,0,0,0,0,0,0,0,0,0,0,0,0,0,0,0,0,0,0,0,0,0,0,0,0,0,0,0,0,0,0,0,0,0,0,0,0,0,0,0,0,0,0,0,0,0,0,0,0,0,0,0,0,0,0,0,0,0,0,0,0,0,0,0,0,0,0,0,0,0,0,0,0,0,0,0,0,0,0,0,0,0,0,0,0,0,0,0,0,0,0,0,0,0,0,0,0,0,0,0,0,0,0,0,0,0,0,0,0,0,0,0,0,0,0,0,0,0,0,0,0,0,0,0,0,0,0,0,0,0,0,0,0,0,0,0,0,0,0,0,0,0,0,0,0,0,0,0,0,0,0,0,0,0,0,0,0,0,0,0,0,0,0,0,0,0,0,0,0,0,0,0,0,0,0,0,0,0,0,0,0,0,0,0,0,0,0,0,0,0,0,0,0,0,0,0,0,0,0,0,0,0,0,0,0,0,0,0,0,0,0,0,0,0,0,0,0,0,0,0,0,0,0,0,0,0,0,0,0,0,0,0,0,0,0,0,0,0,0,0,0,0,0,0,0,0,0,0,0,0,0,0,0,0,0,0,0,0,96
522,4563,4472,5198,5384,5303,5030,5066,5270,5163,5302,5680,5706,5462,5606,6000,5884,5264,5099,5000,5418,5787,6077,5998,6002,5873,5962,8262,6175,6063,5324,5554,6004,6329,6220,6427,6453,6566,6382,6846,7143,6407,5846,6036,6264,6105,6243,6169,5872,5901,6025,6342,6278,6109,5481,5585,6024,6078,6267,6656,5754,6015,5996,6525,6311,6035,5553,5881,6099,6074,6369,6387,6215,6027,6203,6629,6058,5992,5791,5989,6096,6023,6118,6122,5915,5638,5837,6288,6144,5965,5433,5773,6405,6312,6335,6364,5874,5854,5876,6000,6402,6034,5551,5992,6371,6554,6409,6636,6421,5130,5062,5473,5703,5365,4635,5926,6838,7074,6897,7022,6702,6459,6700,6522,7214,6814,5877,5980,6467,6318,6471,6502,6281,6074,5955,6006,5898,5833,5406,4943,5658,5774,6075,6758,6701,6621,6416,6941,7234,6939,6633,6225,7152,6740,7109,7151,6801,6596.82929194956,6799,7678,7400,6661,6987,6477,6746,6968.85714285714,7161,7360,6793,6689,6799,8111,7757,7116,2993,3216,3370,3304,3389,3381,3163,3470,3972,3251,3898,3846,3607,3636,3918,4010,3382,3499,3315,3733,3795,3824,3603,3876,3899,3437,4919,4299,3580,3943,3844,4310,3933,4229,4184,3960,4024.5,4261,4261,4234,4294,3879,4078,4627,3967,3971,3763,3779,3809,3709,3886,4362,3533,3271,3070,2836,3204,2404,2884,2778,2733,2746,2950,2864,3118,3106,2838,3012,3001,3405,3280,2895,2931,3538,3000,3015,3154,3187,2844,3014,3046,3108,2980,3011,2908,3138,3052,3054,3172,2908,3225,3594,3692,3656,3692,3661,3490,3598,3601,3655,3616,3334,3873,3866,3917,4271,4313,4213,3182,3374,3564,3391,3057,3460,4027,4156,4503,4575,4655,4690,4540,4561,4680,4584,4511,4086,3781,3085,3902,4016,3945,2578,3956,3883,3951,3735,3362,3439,3353,3600,3714,3469,3692,3747,3187,3712,3799,3854,3671,3770,4026,4348,4014,4138,4235,4295,4083,4201,4399,4452,4195,4340,4233,3831,3939.8,4169,4523,4327,4053,4638,4726,4628,4130,0,0,0,0,0,0,0,0,0,0,0,0,0,0,0,0,0,0,0,0,0,0,0,0,0,0,0,0,0,0,0,0,0,0,0,0,0,0,0,0,0,0,0,0,0,0,0,0,0,0,0,0,0,0,0,0,0,0,0,0,0,0,0,0,0,0,0,0,0,0,0,0,0,0,0,0,0,0,0,0,0,0,0,0,0,0,0,0,0,0,0,0,0,0,0,0,0,0,0,0,0,0,1474,2435,2677,2591,2646,2508,2250,2210,2318,1980,2062,2194,2476,2326,2841,2683,2664,2748,2835,2852,2965,3063,2859,2298,2453,2811,2520,2594,2555,2578,2835,2582,2386,2224,2197,2358,1949,2406,2520,2232,2407,2361,2398,2316,2284,2411,2277,2261,3014,3454,3528.5,3539,3564,3575,3541.46656760773,3502,3059,3644,3515,3386,3261,3242,3416,3275,3282,3443,3500,3923,3984,3778.25,3338,97
900,,,,,,,,,,,,,,,,,,,,,,,,,,,,,,,,,,,,,,,,,,,,,,,,,1080,1076,1084,1037,1031,1026,956,1029,948,992,1072,1099,957,965,978,932,1062,964,932,1018,971,1129,1120,1102,1080,1076,1084,1037,1031,1026,956,1029,948,992,1072,1099,995,1053,1052,983,943,879,848,924,915,899,927,1007,899,856,1039,960,996,913,835,859,890,870,841,993,843,880,866,936,994,686,782,817,765,779,796,843,833,866,873,889,836,852,711,885,830,836,842,828,801,849,855,809,833,817,692,752,760,765,801,809,742,758,788,751,782,781,702,679,609,681,642,698,601.005586592179,653,900,709,616,588,591,605,607.047619047619,658,686,707,622,723,777,715,765,,,,,,,,,,,,,,,,,,,,,,,,,,,,,,,,,,,,,,,,,,,,,,,,,,,,,,,,,,,,,,,,,,,,,,,,,875,1017,888,1011,875,913,666,916,1081,886,937,844,789,998,912,961,952,791,911,899,864,831,806,801,617,852,779,811,893,805,786,738,782,782,779,810,763,902,849,770,678,809,693,721,693,629,713,613,786,774,784,698,737,756,712,773,695,719,803,683,673,664,2932,696,662,645,671,605,658,665,644,650,548,644,651,639,673,638,640,508,316,491,544,517,498,528,500,533,508,524,468,463,450,497,505,480,498,477,489,533,0,,,,,,,,,,,,,,,,,,,,,,,,,,,,,,,,,,,,,,,,,,,,,,,,,,,,,,,,,,,,,,,,,,,,,,,,,761,716,773,812,701,557,653,866,804,681,727,712,699,760,760,761,679,582,585,764,600,648,675,699,676,758,759,758,502,597,661,605,802,768,744,695,614,683,725,694,757,549,620,717,529,455,605,551,482,671,666,750,590,585,503,638,589,603,657,632,402,652,679,620,558,605,540,566,589,586,667,591,450,502,560,586,561,552,562,434,459.25,390,466,400,543.956456456457,442,375,416,394,1328,389,419,419,434,446,473,431,499,487,511,423,98
901,,,,,,,,,,,,,,,,,,,,,,,,,,,,,,,,,,,,,,,,,,,,,,,,,18224,19172,21097,20625,19855,18369,17844,19780,18339,19133,19241,18540,18456,18987,20335,19469,19296,17093,17106,19011,18419,18464,19076,19279,18224,19172,21097,20625,19855,18369,17844,19780,18339,19133,19241,18540,18756,19263,21604,21404,20075,19104,18182,20513,20609,20647,20755,20066,18953,20710,21890,21772,20428,17970,18900,20503,20747,20551,20695,20533,19590,21167,22255,23191,22141,16687,19436,21601,21546,20081,19527,18899,18196,19752,22338,21765,19862,17365,16102,18103,18871,18360,20017,17990,17085,17518,18782,18518,17624,15706,14795,16035,16225,16638,16737,15986,15664,15445,16623,16272,15942,14658,13360,15530,15066,16448,16042,15160,14951.1381156317,15762,17236,16706,15133,14101,13989,14346,15343.2380952381,14718,14872,14708,14195,14765,15712,15566,14563,,,,,,,,,,,,,,,,,,,,,,,,,,,,,,,,,,,,,,,,,,,,,,,,,,,,,,,,,,,,,,,,,,,,,,,,,12274,14440,12787,13003,12128,12785,11956,12506,12685,12812,13686,12849,12315,13183,13141,14119,13435,11455,12434,13295,12800,13081,13149,12591,12344,13137,11710,12606,12059,13163,11391,11916,12257,12200,12810,12975,12297,15243,16339,13068,12227,15548,11194,12838,12679,12021,12349,13337,14623,14805,12459,12320,11685,13429,10428,10754,11813,12613,11657,12640,10746,11200,44304,10272,8796,9173,9836,8725,9656,10285,8647,9529,8987,9755,8472,9244,8641,8956,9311,7625,9118,9467,9650,8689,9026,9307,8707,9992,8489,9626,8202,7755,8287.6,9123,8606,8069,9323,9536,2028,9992,0,,,,,,,,,,,,,,,,,,,,,,,,,,,,,,,,,,,,,,,,,,,,,,,,,,,,,,,,,,,,,,,,,,,,,,,,,10595,13793,10273,10702,9304,9714,9316,10349,10239,10197,10715,10814,10658,11327,11110,10987,8344,9708,10086,10086,9978,10424,10869,10812,11142,11408,10655,10399,10427,10818,9627,9659,10621,9997,11106,10960,14689,14432,15781,10467,11437,12406,9409,8858,11089,9621,10147,10735,10359,11756,11032,16357,12170,11810,9364,9719,8373,9023,10713,9481,8632,10365,8889,10178,8735,8794,7259,7412,8373,8273,7172,8337,8766,7857,8436,8040,8954,8374,6839,6047,7388.66666666667,8016,8064,6179,8657.14875647447,8151,6888,8628,7818,9210.33333333333,6601,6997,7580,7631,7676,7728,7414,8319,7877,7811,8293,99
902,,,,,,,,,,,,,,,,,,,,,,,,,,,,,,,,,,,,,,,,,,,,,,,,,12789,12433,13390,12678,12526,11705,11528,12221,12704,12479,12830,12618,12174,12320,13256,12087,12565,10626,11177,11994,11960,12800,12182,12490,12789,12433,13390,12678,12526,11705,11528,12221,12704,12479,12830,12618,12993,13333,14417,14070,12689,11255,12217,13416,13458,13640,13078,14015,13797,13637,14248,14873,13555,11509,12782,14050,14510,14373,14036,13953,14069,14006,14937,14576,13910,12596,11942,13475,13739,13242,13099,13573,13647,13652,15735,14771,12735,11114,11552,12762,12385,12642,14450,15252,12649,12736,12876,13213,11783,10292,9804,10919,11087,10928,12010,11537,11680,10962,11286,11330,10700,9649,9713,12086,11210,11875,11556,11791,11615.328928047,12237,12446,12462,11103,10291,11150,10992,11319.4761904762,11279,11433,11810,11479,11817,12174,12288,11547,,,,,,,,,,,,,,,,,,,,,,,,,,,,,,,,,,,,,,,,,,,,,,,,,,,,,,,,,,,,,,,,,,,,,,,,,6545,7581,6594,7195,6027,6872,5662,5936,6723,6617,6970,6526,7659,7093,7029,7144,5642,5777,5275,5981,6872,7300,7721,7546,7060,7332,6518,7951,6425,6324,6022,6195,6479,7241,6820,7165,7308,9440,10119,15851,6634,10573,5916,10317,6611,11745,8595,11383,13156,12575,6134,6627,5424,10954,10265,7613,5728,7355,6241,9570,6857,6863,31716,5395,4145,4490,5849,4307,5034,6355,4526,5063,4895,6249,4694,5467,4541,4497,5184,4217,4205,4197,5178,4792,4883,5261,4901,5566,4129,5127,4684,4176,4343.8,5511,4715,4482,5271,6682,4704,5566,0,,,,,,,,,,,,,,,,,,,,,,,,,,,,,,,,,,,,,,,,,,,,,,,,,,,,,,,,,,,,,,,,,,,,,,,,,5686,6147,5351,5357,4348,4628,4483,4776,4874,5126,5843,6261,6007,6205,5679,5368,4058,4902,4970,4970,4979,5786,6420,5980,6037,6542,6333,5726,5132,5116,4673,4907,5434,5473,5988,6836,8529,9109,9645,7348,8277,8519,4075,4341,8997,4880,7292,8588,3223,7621,5331,12693,9228,8099,7164,10068,3863,4272,5409,5218,2686,6435,4439,6871,5841,5007,5185,3708,3863,4151,3702,4188,5763,4326,5422,9221,7670,6475,3115,3684,2925,3230,4224,3274,4850.35475113122,4217,3980,5840,3876,6953,3676,4076,4172.8,4053,4442,4218,4594,6430,9312,5880,7542,100
903,,,,,,,,,,,,,,,,,,,,,,,,,,,,,,,,,,,,,,,,,,,,,,,,,,,,,,,,,,,,,,,,,,,,,,,,,,,,,,,,,,,,,,,,,,,,,,,,,,,,,,,,,,,,,,,,,,,,,,,,,,,,,,,,,,,,,,,,,,,,,,,,,,,,,,,,,,,,,,,,,,,,,,,,,,,,,,,,,,,,,,,,,,,,,,,,,,,,,,,,,,,,,,,,,,,,,,,,,,,,,,,,,,,,,,,,,,,,,,,,,,,,,,,,,,,,,,,,,,,,,,,,,,,,,,,,,,59,413,,,,,,,,,,,,,,,,,,,,,,,18,36,,,,,,,,,,,20,0,0,0,0,,1150,0,0,0,0,,4,,,,,,,,,,,0,0,160,,,,,,,,,,,,,,,,,,,,,,,,,,,,,,,,,,,,,,,,,,,,,,,,,,,,,,,,,,,,,,,,,,,,,,,,,,,,,,,,,,,,0,0,0,0,0,0,0,0,0,0,0,0,0,0,0,0,0,0,0,0,0,0,0,0,0,0,0,0,0,0,0,0,0,0,0,0,0,0,0,0,0,0,0,0,0,0,0,0,0,0,0,0,0,0,0,0,0,0,0,0,0,0,0,0,0,0,0,0,0,0,1679,0,0,0,0,0,0,0,0,0,0,0,0,0,0,0,0,0,0,0,0,0,0,,0,0,0,0,,,,101
920,,,,,,,,,,,,,,,,,,,,,,,,,,,,,,,,,,,,,,,,,,,,,,,,,,,,,,,,,,,,,,,,,,,,,,,,,,,,,,,,,,,,,,,,,,,,,,,,,,,,,8,29,,,,,,,,,,,,,,,,,,,,,,,,,,,,,0,,0,0,0,0,3,0,0,0,,0,,0,0,,,,5,23,,,,,,,,,,0,0,28,0,0,0,,,,,0,0,0,,,,,,,,,,,,,,,,,,,,,,,,,,,,,,,,,,,,,,,,,,,,,,,,,,,,,,,,,,,,,,,,,,,,,,,,,,,,,,,,,,,,,,,,,,,,,,,,,,,,,,,,,,,,,,,,,,,,,,,,,,,,,,,,,,,,,,,,,,,,,,,,,,,,0,,,325,,,,,,,,,,0,11,,,,,,,,,,,,,0,0,0,0,0,0,0,0,0,0,0,0,0,0,0,0,0,0,0,0,0,0,0,0,0,0,0,0,0,0,0,0,0,0,0,0,0,0,0,0,0,0,0,0,0,0,0,0,0,0,0,0,0,0,0,0,0,0,0,0,0,0,0,0,0,0,0,0,0,0,0,0,0,0,0,0,0,0,0,0,0,0,0,0,0,0,0,0,0,0,0,0,0,0,0,0,0,0,0,0,0,299,0,0,0,0,0,0,0,0,0,0,0,0,0,0,0,0,0,0,0,0,0,0,0,45,0,0,0,0,0,0,0,0,0,0,0,0,0,0,0,0,0,0,0,0,0,0,0,121,0,0,0,0,0,0,0,0,,0,22,13,0,0,0,,0,0,0,0,,,,102
